Date,Handle,GGR,Brand
2022-04-03,48873594,4254072.1749991,Caesars Sport Book
2022-04-03,72955408,5379577.99,DraftKings Sport Book
2022-04-03,2213954,217035.49999999898,ESPN Bet
2022-04-03,135723817,3819999.130000001,FanDuel
2022-04-03,6453997,362590.48000000004,Fanatics
2022-04-03,844323,90714.91999999998,Resorts World Bet
2022-04-03,8185567,324623.83,Rush Street Interactive
2022-04-10,49359984,694637.0049999999,Caesars Sport Book
2022-04-10,83517552,2444566.6124460045,DraftKings Sport Book
2022-04-10,1889788,180857.04999999973,ESPN Bet
2022-04-10,142036677,7956294.8100000005,FanDuel
2022-04-10,938208,62973.42999999998,Resorts World Bet
2022-04-10,9254760,413504.09999999986,Rush Street Interactive
2022-04-17,49871012,3354558.9924990362,Caesars Sport Book
2022-04-17,72108527,5785437.9899999965,DraftKings Sport Book
2022-04-17,2023913,92771.94999999963,ESPN Bet
2022-04-17,131793068,22081850.089999992,FanDuel
2022-04-17,17768556,363904.7499999993,Fanatics
2022-04-17,1074522,160729.51,Resorts World Bet
2022-04-17,7544834,236575.40999999968,Rush Street Interactive
2022-04-24,54234036,3929039.7799998634,Caesars Sport Book
2022-04-24,78153044,7165122.400002996,DraftKings Sport Book
2022-04-24,2307442,127273.36999999973,ESPN Bet
2022-04-24,145319117,21188729.479999997,FanDuel
2022-04-24,10475477,858914.8100000003,Fanatics
2022-04-24,1941077,47543.51999999993,Resorts World Bet
2022-04-24,9798122,679843.2199999996,Rush Street Interactive
2022-05-01,43967120,1361370.7374996813,Caesars Sport Book
2022-05-01,64602518,1422782.1700000055,DraftKings Sport Book
2022-05-01,2361701,61319.309999999154,ESPN Bet
2022-05-01,135643300,9434226.400000002,FanDuel
2022-05-01,10378003,150478.27000000002,Fanatics
2022-05-01,1618418,53070.7000000001,Resorts World Bet
2022-05-01,8231281,384558.26,Rush Street Interactive
2022-05-08,52028639,4633806.736199625,Caesars Sport Book
2022-05-08,78871062,8743086.099999003,DraftKings Sport Book
2022-05-08,2386678,341315.81999999896,ESPN Bet
2022-05-08,145144112,19370029.18999999,FanDuel
2022-05-08,12976974,711215.4400000009,Fanatics
2022-05-08,1454192,82724.49,Resorts World Bet
2022-05-08,7549694,736298.9000000004,Rush Street Interactive
2022-05-15,45379532,3090371.680750034,Caesars Sport Book
2022-05-15,71657120,6303400.920000999,DraftKings Sport Book
2022-05-15,2140266,151599.80999999965,ESPN Bet
2022-05-15,120188666,17647800.959999997,FanDuel
2022-05-15,8442658,858703.8700000001,Fanatics
2022-05-15,1218091,27896.789999999964,Resorts World Bet
2022-05-15,7177595,603015.47,Rush Street Interactive
2022-05-22,40617910,2351657.428301473,Caesars Sport Book
2022-05-22,64150552,3696933.919999997,DraftKings Sport Book
2022-05-22,2128405,97587.04000000053,ESPN Bet
2022-05-22,114113942,14738270.550000006,FanDuel
2022-05-22,5991542,756086.79,Fanatics
2022-05-22,1490377,155860.23000000004,Resorts World Bet
2022-05-22,6583926,284688.82999999996,Rush Street Interactive
2022-05-29,38568006,1561717.4824999515,Caesars Sport Book
2022-05-29,71069185,1851455.58,DraftKings Sport Book
2022-05-29,2288059,117965.14,ESPN Bet
2022-05-29,121629979,8378828.509999998,FanDuel
2022-05-29,4122066,488172.36,Fanatics
2022-05-29,6965401,39569.55,Rush Street Interactive
2022-06-05,40573583,171656.61249952205,Caesars Sport Book
2022-06-05,74132661,2724351.809999001,DraftKings Sport Book
2022-06-05,1641456,59750.490000000194,ESPN Bet
2022-06-05,117247862,6765992.16,FanDuel
2022-06-05,4263697,126608.53000000014,Fanatics
2022-06-05,7361038,407122.08999999985,Rush Street Interactive
2022-06-12,37099240,2969372.524999489,Caesars Sport Book
2022-06-12,65549965,6136252.979997002,DraftKings Sport Book
2022-06-12,1582546,177909.83,ESPN Bet
2022-06-12,109067610,8814678.829999993,FanDuel
2022-06-12,5134908,234819.56,Fanatics
2022-06-12,1526765,82296.0,Resorts World Bet
2022-06-12,5470900,483504.55,Rush Street Interactive
2022-06-19,65637854,1081359.300001002,DraftKings Sport Book
2022-06-19,124900488,12364944.050000003,FanDuel
2022-06-19,5740853,773237.84,Fanatics
2022-06-19,6137745,329339.65,Rush Street Interactive
2022-06-26,33064982,2249100.982,Caesars Sport Book
2022-06-26,52886518,3671514.6099970043,DraftKings Sport Book
2022-06-26,1589466,44548.04999999964,ESPN Bet
2022-06-26,101537195,7845800.5500000045,FanDuel
2022-06-26,3415137,414114.70999999996,Fanatics
2022-06-26,1566655,10817.169999999955,Resorts World Bet
2022-06-26,5285712,323273.9399999996,Rush Street Interactive
2022-07-03,31266883,1822442.965000017,Caesars Sport Book
2022-07-03,55941060,4413864.509997002,DraftKings Sport Book
2022-07-03,1600410,179348.3699999995,ESPN Bet
2022-07-03,93273267,10563381.820000002,FanDuel
2022-07-03,5213615,382477.4999999997,Fanatics
2022-07-03,1107659,38322.97000000003,Resorts World Bet
2022-07-03,5818166,407199.7699999999,Rush Street Interactive
2022-07-10,30542769,3596757.5372491437,Caesars Sport Book
2022-07-10,52140153,6109324.74,DraftKings Sport Book
2022-07-10,1274514,144683.7500000002,ESPN Bet
2022-07-10,80221826,13778040.2,FanDuel
2022-07-10,4105061,624792.52,Fanatics
2022-07-10,1013183,85476.04999999996,Resorts World Bet
2022-07-10,4970684,511424.70999999985,Rush Street Interactive
2022-07-17,27881922,547043.032999928,Caesars Sport Book
2022-07-17,52136237,1230602.9399999995,DraftKings Sport Book
2022-07-17,1480488,22899.0399999998,ESPN Bet
2022-07-17,76515687,3351564.2399999984,FanDuel
2022-07-17,3793189,235403.25,Fanatics
2022-07-17,1078075,82325.81999999999,Resorts World Bet
2022-07-17,4493100,252225.56,Rush Street Interactive
2022-07-24,20387153,2219462.464000017,Caesars Sport Book
2022-07-24,38178600,3595500.080003,DraftKings Sport Book
2022-07-24,1131806,61310.719999999994,ESPN Bet
2022-07-24,67282969,4480760.85,FanDuel
2022-07-24,2282007,305517.0499999999,Fanatics
2022-07-24,991051,76431.16999999998,Resorts World Bet
2022-07-24,3590542,155316.39000000028,Rush Street Interactive
2022-07-31,24955129,1645226.974499628,Caesars Sport Book
2022-07-31,44240502,4884212.419989003,DraftKings Sport Book
2022-07-31,1508157,122182.69999999995,ESPN Bet
2022-07-31,79877586,13018290.650000004,FanDuel
2022-07-31,4120319,455250.01,Fanatics
2022-07-31,1165574,33798.960000000036,Resorts World Bet
2022-07-31,4504709,254754.85999999807,Rush Street Interactive
2022-08-07,27835617,2593044.5362495133,Caesars Sport Book
2022-08-07,54770124,5385181.680000001,DraftKings Sport Book
2022-08-07,1475361,134628.96000000037,ESPN Bet
2022-08-07,84143469,9853197.459999993,FanDuel
2022-08-07,4100643,766203.0499999998,Fanatics
2022-08-07,1037579,30018.969999999987,Resorts World Bet
2022-08-07,4734019,398299.5899999997,Rush Street Interactive
2022-08-14,26364363,2651787.9164165524,Caesars Sport Book
2022-08-14,57188045,4940632.729998,DraftKings Sport Book
2022-08-14,1496821,59340.31000000036,ESPN Bet
2022-08-14,82615716,10494947.109999998,FanDuel
2022-08-14,6154080,551450.1099999999,Fanatics
2022-08-14,842538,100854.98000000001,Resorts World Bet
2022-08-14,5697548,354023.95000000106,Rush Street Interactive
2022-08-21,26880134,2991495.3837499903,Caesars Sport Book
2022-08-21,55271472,6582689.069999998,DraftKings Sport Book
2022-08-21,1618152,22602.74000000031,ESPN Bet
2022-08-21,85456333,12043779.84,FanDuel
2022-08-21,1098300,106512.29,Resorts World Bet
2022-08-21,6804171,544985.0400000017,Rush Street Interactive
2022-08-28,26343973,2913338.6887499737,Caesars Sport Book
2022-08-28,53776211,4500970.3199849995,DraftKings Sport Book
2022-08-28,1501889,113337.20999999999,ESPN Bet
2022-08-28,83722084,8815077.82,FanDuel
2022-08-28,4535997,928657.3599999999,Fanatics
2022-08-28,1043806,62571.71999999999,Resorts World Bet
2022-08-28,6308364,410632.5899999974,Rush Street Interactive
2022-09-04,29087256,2945606.265500008,Caesars Sport Book
2022-09-04,70506262,8305277.179994996,DraftKings Sport Book
2022-09-04,2016651,143687.56999999995,ESPN Bet
2022-09-04,106812938,13116112.770000001,FanDuel
2022-09-04,7403422,333251.9500000001,Fanatics
2022-09-04,1082111,83316.33999999997,Resorts World Bet
2022-09-04,7102139,577243.6700000018,Rush Street Interactive
2022-09-11,43078902,4315489.52894873,Caesars Sport Book
2022-09-11,116992927,8088272.079813999,DraftKings Sport Book
2022-09-11,2254457,198975.7299999998,ESPN Bet
2022-09-11,128713121,17152225.110000007,FanDuel
2022-09-11,4878765,627627.0099999997,Fanatics
2022-09-11,8610345,642761.4400000002,Rush Street Interactive
2022-09-18,40984922,5308709.572246805,Caesars Sport Book
2022-09-18,104990543,13383944.879994005,DraftKings Sport Book
2022-09-18,2146545,116492.08999999994,ESPN Bet
2022-09-18,109242865,17633488.690000005,FanDuel
2022-09-18,5696092,465737.6299999998,Fanatics
2022-09-18,2015367,58618.050000000105,Resorts World Bet
2022-09-18,7765052,613409.2299999993,Rush Street Interactive
2022-09-25,39429501,3818314.4054973205,Caesars Sport Book
2022-09-25,97694658,10040540.320000008,DraftKings Sport Book
2022-09-25,122029798,13318008.269999998,FanDuel
2022-09-25,5834410,17570.129999999946,Fanatics
2022-09-25,1451904,217419.31,Resorts World Bet
2022-09-25,8797192,454251.89999999304,Rush Street Interactive
2022-10-02,40406056,852994.277998325,Caesars Sport Book
2022-10-02,111447099,4423551.089999997,DraftKings Sport Book
2022-10-02,2127661,129233.99999999977,ESPN Bet
2022-10-02,127854600,10407552.679999992,FanDuel
2022-10-02,7085016,189201.3500000001,Fanatics
2022-10-02,1351514,45652.09999999993,Resorts World Bet
2022-10-02,10112118,32266.14999999001,Rush Street Interactive
2022-10-09,41863201,5304036.320747592,Caesars Sport Book
2022-10-09,110889390,14012921.649910003,DraftKings Sport Book
2022-10-09,1847684,141148.19999999978,ESPN Bet
2022-10-09,123884382,19501393.939999998,FanDuel
2022-10-09,9200007,395194.8700000006,Fanatics
2022-10-09,1389539,140435.48000000004,Resorts World Bet
2022-10-09,8781479,857327.8299999943,Rush Street Interactive
2022-10-16,39938492,3321993.391247302,Caesars Sport Book
2022-10-16,114322412,10172498.729990005,DraftKings Sport Book
2022-10-16,1919436,71787.93000000007,ESPN Bet
2022-10-16,126603133,20231311.54,FanDuel
2022-10-16,7816243,738856.1499999997,Fanatics
2022-10-16,1447348,87526.20999999992,Resorts World Bet
2022-10-16,8418537,690995.0000000058,Rush Street Interactive
2022-10-23,45944387,3835624.4129982553,Caesars Sport Book
2022-10-23,126849569,10841852.040153004,DraftKings Sport Book
2022-10-23,2092544,156845.65000000066,ESPN Bet
2022-10-23,145517906,15213893.540000005,FanDuel
2022-10-23,9066736,905904.32,Fanatics
2022-10-23,1470309,180777.67999999996,Resorts World Bet
2022-10-23,9649695,633599.9499999924,Rush Street Interactive
2022-10-30,43011142,4499153.25849844,Caesars Sport Book
2022-10-30,113578924,8766468.880082,DraftKings Sport Book
2022-10-30,2015384,389437.25999999966,ESPN Bet
2022-10-30,140652403,17982660.49,FanDuel
2022-10-30,8714303,292942.31,Fanatics
2022-10-30,1824697,34475.78,Resorts World Bet
2022-10-30,9133743,252815.949999998,Rush Street Interactive
2022-11-06,44143743,4174846.192249,Caesars Sport Book
2022-11-06,118052648,11425595.339935,DraftKings Sport Book
2022-11-06,2031406,142271.88999999984,ESPN Bet
2022-11-06,142484157,19938736.359999996,FanDuel
2022-11-06,9689178,787420.19,Fanatics
2022-11-06,9958359,1006307.9600000062,Rush Street Interactive
2022-11-13,43716729,3154889.03699904,Caesars Sport Book
2022-11-13,111109051,7944656.830079,DraftKings Sport Book
2022-11-13,2058045,434.83999999961816,ESPN Bet
2022-11-13,140138145,17345959.53,FanDuel
2022-11-13,8875037,496254.6200000001,Fanatics
2022-11-13,1439986,48267.3000000001,Resorts World Bet
2022-11-13,7728114,485491.539999992,Rush Street Interactive
2022-11-20,44409637,4812668.743749427,Caesars Sport Book
2022-11-20,108536966,11870971.719985003,DraftKings Sport Book
2022-11-20,144209843,21961070.04,FanDuel
2022-11-20,9078102,697391.62,Fanatics
2022-11-20,1187473,122016.38,Resorts World Bet
2022-11-20,8202700,470829.0999999929,Rush Street Interactive
2022-11-27,56145471,2803348.44699991,Caesars Sport Book
2022-11-27,135120849,11228829.529913,DraftKings Sport Book
2022-11-27,181216921,17220944.400000002,FanDuel
2022-11-27,11292600,256334.0900000009,Fanatics
2022-11-27,1337735,118894.01,Resorts World Bet
2022-11-27,10732805,477679.9499999976,Rush Street Interactive
2022-12-04,50676211,2454583.26149905,Caesars Sport Book
2022-12-04,124808357,8417204.57999801,DraftKings Sport Book
2022-12-04,2289796,122494.03,ESPN Bet
2022-12-04,151714670,19035762.600000005,FanDuel
2022-12-04,7840265,323272.9299999997,Fanatics
2022-12-04,1350801,31910.31,Resorts World Bet
2022-12-04,10586753,96239.4200000055,Rush Street Interactive
2022-12-11,45393726,5831525.735249643,Caesars Sport Book
2022-12-11,110262991,13289753.349966994,DraftKings Sport Book
2022-12-11,2241134,49172.06000000058,ESPN Bet
2022-12-11,141063484,20787305.220000006,FanDuel
2022-12-11,8649868,651134.5299999999,Fanatics
2022-12-11,1269110,179088.47999999998,Resorts World Bet
2022-12-11,9806668,768731.4499999942,Rush Street Interactive
2022-12-18,45593400,1509761.571,Caesars Sport Book
2022-12-18,120798094,2955042.769988,DraftKings Sport Book
2022-12-18,2278495,99433.71999999927,ESPN Bet
2022-12-18,143741375,3994315.76,FanDuel
2022-12-18,9584100,310696.230000004,Rush Street Interactive
2022-12-25,45812402,3510595.021499941,Caesars Sport Book
2022-12-25,106618740,10950053.889991999,DraftKings Sport Book
2022-12-25,1749118,90868.55000000031,ESPN Bet
2022-12-25,151416609,19546514.720000003,FanDuel
2022-12-25,10431059,670395.4600000005,Fanatics
2022-12-25,962390,26208.5,Resorts World Bet
2022-12-25,8242151,597114.329999996,Rush Street Interactive
2023-01-01,52983702,2683230.1200004322,Caesars Sport Book
2023-01-01,126510190,7093231.710101005,DraftKings Sport Book
2023-01-01,160249037,12412468.32,FanDuel
2023-01-01,29852301,150057.0400000012,Fanatics
2023-01-01,1380133,85173.54000000001,Resorts World Bet
2023-01-01,10494789,342416.35999999044,Rush Street Interactive
2023-01-08,51689066,1670891.7145000314,Caesars Sport Book
2023-01-08,142489697,10322868.824546006,DraftKings Sport Book
2023-01-08,2341147,128186.27999999933,ESPN Bet
2023-01-08,158423854,15613883.940000014,FanDuel
2023-01-08,7697026,604286.0000000001,Fanatics
2023-01-08,1095761,137942.94,Resorts World Bet
2023-01-08,9711321,277860.6200000049,Rush Street Interactive
2023-01-15,52394506,2958423.022500002,Caesars Sport Book
2023-01-15,139933843,3862914.1955219936,DraftKings Sport Book
2023-01-15,2055369,115473.77999999936,ESPN Bet
2023-01-15,171986295,18643518.700000003,FanDuel
2023-01-15,16514497,452443.03,Fanatics
2023-01-15,944150,42673.66000000005,Resorts World Bet
2023-01-15,10842573,425646.5499999962,Rush Street Interactive
2023-01-22,57527200,6077120.055000186,Caesars Sport Book
2023-01-22,152365141,20241156.509990014,DraftKings Sport Book
2023-01-22,2906151,107704.92000000004,ESPN Bet
2023-01-22,182396199,26569171.220000003,FanDuel
2023-01-22,10363776,917544.2700000004,Fanatics
2023-01-22,10933935,1141395.3699999973,Rush Street Interactive
2023-01-29,43001354,3972230.815000552,Caesars Sport Book
2023-01-29,108680269,6682020.750136004,DraftKings Sport Book
2023-01-29,2249093,2957.409999999305,ESPN Bet
2023-01-29,146790117,13485651.500000002,FanDuel
2023-01-29,6889375,227958.68000000005,Fanatics
2023-01-29,1143538,115455.39,Resorts World Bet
2023-01-29,11670881,345593.14000000467,Rush Street Interactive
2023-02-05,40430549,4618739.012500155,Caesars Sport Book
2023-02-05,108654046,11906126.200000001,DraftKings Sport Book
2023-02-05,2353207,168128.84999999954,ESPN Bet
2023-02-05,135952024,20199470.479999997,FanDuel
2023-02-05,7357251,979284.3700000001,Fanatics
2023-02-05,1930222,146165.9500000001,Resorts World Bet
2023-02-05,9152395,1226223.4600000002,Rush Street Interactive
2023-02-12,150393366,2907775.799999999,DraftKings Sport Book
2023-02-12,2689831,140027.57000000073,ESPN Bet
2023-02-12,165395489,9206199.219999995,FanDuel
2023-02-12,7951616,246945.0800000002,Fanatics
2023-02-12,1379022,61968.11000000003,Resorts World Bet
2023-02-19,44587152,1400239.1649997318,Caesars Sport Book
2023-02-19,110789177,7408351.679980006,DraftKings Sport Book
2023-02-19,2785154,127830.2800000005,ESPN Bet
2023-02-19,137035272,11318765.9,FanDuel
2023-02-19,7264693,98565.25000000023,Fanatics
2023-02-19,1002542,105662.11999999998,Resorts World Bet
2023-02-19,9558874,582200.0499999969,Rush Street Interactive
2023-02-26,46008271,2980326.239999966,Caesars Sport Book
2023-02-26,115036867,9820645.330010995,DraftKings Sport Book
2023-02-26,2397833,145383.2699999997,ESPN Bet
2023-02-26,146476691,11738180.71,FanDuel
2023-02-26,7313253,574446.93,Fanatics
2023-02-26,1153565,109840.07,Resorts World Bet
2023-02-26,9275587,635659.8199999954,Rush Street Interactive
2023-03-05,55786532,2984042.0549999587,Caesars Sport Book
2023-03-05,137411093,10362130.150003998,DraftKings Sport Book
2023-03-05,2392716,88286.77999999968,ESPN Bet
2023-03-05,169289508,8817211.569999997,FanDuel
2023-03-05,6774760,405363.28000000026,Fanatics
2023-03-05,999560,77925.48,Resorts World Bet
2023-03-05,10587341,719695.4599999946,Rush Street Interactive
2023-03-12,58964547,3890522.0,Caesars Sport Book
2023-03-12,147797074,11707425.0,DraftKings Sport Book
2023-03-12,2694672,274765.0,ESPN Bet
2023-03-12,185049831,20864775.0,FanDuel
2023-03-12,7136403,236705.0,Fanatics
2023-03-12,1370197,13740.0,Resorts World Bet
2023-03-12,11830920,691898.0,Rush Street Interactive
2023-03-19,63096350,2848089.0,Caesars Sport Book
2023-03-19,154079898,12522085.0,DraftKings Sport Book
2023-03-19,3058486,54867.0,ESPN Bet
2023-03-19,188336202,19502132.0,FanDuel
2023-03-19,7789908,467004.0,Fanatics
2023-03-19,1550107,99465.0,Resorts World Bet
2023-03-19,11568309,1169148.0,Rush Street Interactive
2023-03-26,46138033,3771021.769699989,Caesars Sport Book
2023-03-26,116267096,12199920.559888,DraftKings Sport Book
2023-03-26,1923099,49619.899999999616,ESPN Bet
2023-03-26,155675749,24452580.900000002,FanDuel
2023-03-26,5334340,543429.32,Fanatics
2023-03-26,781640,108516.73999999999,Resorts World Bet
2023-03-26,11340421,744965.0100000054,Rush Street Interactive
2023-04-02,40118415,3908770.934900136,Caesars Sport Book
2023-04-02,105947507,9339014.070003,DraftKings Sport Book
2023-04-02,1587357,143183.99999999994,ESPN Bet
2023-04-02,130717989,14705432.190000003,FanDuel
2023-04-02,6093964,254570.62000000046,Fanatics
2023-04-02,1056124,91566.14000000003,Resorts World Bet
2023-04-02,11079331,662211.2699999983,Rush Street Interactive
2023-04-09,106382424,2910417.9200089946,DraftKings Sport Book
2023-04-09,142555047,6888869.840000002,FanDuel
2023-04-09,5085662,418767.57000000007,Fanatics
2023-04-16,40885996,3623335.830500318,Caesars Sport Book
2023-04-16,101986660,14234079.280011997,DraftKings Sport Book
2023-04-16,2111624,60753.38,ESPN Bet
2023-04-16,136293263,22130965.78,FanDuel
2023-04-16,3906318,500995.80000000016,Fanatics
2023-04-16,12612144,37777.89000001,Rush Street Interactive
2023-04-23,47138315,4923896.69720022,Caesars Sport Book
2023-04-23,129272340,15871384.059999,DraftKings Sport Book
2023-04-23,2540496,283952.97,ESPN Bet
2023-04-23,150385975,20737048.04,FanDuel
2023-04-23,4530298,324317.7399999999,Fanatics
2023-04-23,3478769,125172.32,Resorts World Bet
2023-04-23,10200636,865191.8300000038,Rush Street Interactive
2023-04-30,41769265,3722143.980000067,Caesars Sport Book
2023-04-30,137194301,12198885.990000002,DraftKings Sport Book
2023-04-30,2606843,172082.69999999925,ESPN Bet
2023-04-30,150773362,18048461.83,FanDuel
2023-04-30,4546125,414262.7799999999,Fanatics
2023-04-30,1166786,90121.15999999996,Resorts World Bet
2023-04-30,9925698,850272.2599999978,Rush Street Interactive
2023-05-07,39665810,4028118.7900004373,Caesars Sport Book
2023-05-07,122462276,16529177.640000006,DraftKings Sport Book
2023-05-07,2150371,197131.67000000013,ESPN Bet
2023-05-07,137726028,22291941.770000007,FanDuel
2023-05-07,4066991,398713.90000000014,Fanatics
2023-05-07,1349457,164638.47999999998,Resorts World Bet
2023-05-07,8863432,1024609.2900000052,Rush Street Interactive
2023-05-14,39228258,3114717.022700353,Caesars Sport Book
2023-05-14,116457141,10104052.239990996,DraftKings Sport Book
2023-05-14,1819981,144324.23000000013,ESPN Bet
2023-05-14,127689363,21443765.430000007,FanDuel
2023-05-14,1011184,76033.56000000001,Resorts World Bet
2023-05-14,8187202,604416.8799999995,Rush Street Interactive
2023-05-21,37438212,2370463.755,Caesars Sport Book
2023-05-21,108288540,7072715.490009006,DraftKings Sport Book
2023-05-21,1675038,85225.28999999996,ESPN Bet
2023-05-21,123958470,7377822.18,FanDuel
2023-05-21,4954054,301746.55,Fanatics
2023-05-21,932478,38912.56000000001,Resorts World Bet
2023-05-21,8174441,693188.9700000021,Rush Street Interactive
2023-05-28,31839176,3634774.9825001196,Caesars Sport Book
2023-05-28,83825919,8978880.619986996,DraftKings Sport Book
2023-05-28,1500815,65296.22999999985,ESPN Bet
2023-05-28,114257184,19761502.79,FanDuel
2023-05-28,4211415,471473.3,Fanatics
2023-05-28,681899,103787.68999999997,Resorts World Bet
2023-05-28,7258563,458670.97,Rush Street Interactive
2023-06-04,34648109,2273808.9500000784,Caesars Sport Book
2023-06-04,105035625,8342360.440011002,DraftKings Sport Book
2023-06-04,121058159,12103408.509999994,FanDuel
2023-06-04,4216257,244747.60999999987,Fanatics
2023-06-04,792946,45759.92999999998,Resorts World Bet
2023-06-04,8958249,735569.9800000001,Rush Street Interactive
2023-06-11,32060228,2377535.4500000873,Caesars Sport Book
2023-06-11,131126204,9140410.869991006,DraftKings Sport Book
2023-06-11,1471038,105888.60999999977,ESPN Bet
2023-06-11,104812559,12275120.629999999,FanDuel
2023-06-11,4261337,238842.69999999984,Fanatics
2023-06-11,861588,93105.60999999996,Resorts World Bet
2023-06-11,7368109,295484.77999999747,Rush Street Interactive
2023-06-18,28258544,693982.9774999716,Caesars Sport Book
2023-06-18,117335508,12350824.420015,DraftKings Sport Book
2023-06-18,1686526,68011.37999999986,ESPN Bet
2023-06-18,102230517,11788054.740000002,FanDuel
2023-06-18,3328152,297669.07999999996,Fanatics
2023-06-18,935221,93750.66999999997,Resorts World Bet
2023-06-18,6689153,557757.549999999,Rush Street Interactive
2023-06-25,26211658,2059859.6824000073,Caesars Sport Book
2023-06-25,124483515,4114990.759999994,DraftKings Sport Book
2023-06-25,1803033,119275.31000000017,ESPN Bet
2023-06-25,86807273,8180147.090000004,FanDuel
2023-06-25,3478830,143405.89,Fanatics
2023-06-25,7433030,406554.9299999997,Rush Street Interactive
2023-07-02,26694722,2580705.1412998512,Caesars Sport Book
2023-07-02,73832881,8482581.699999997,DraftKings Sport Book
2023-07-02,1605288,229726.18999999997,ESPN Bet
2023-07-02,88096632,11829532.43,FanDuel
2023-07-02,3027103,320868.87,Fanatics
2023-07-02,1082433,9542.400000000023,Resorts World Bet
2023-07-02,7544535,547982.4600000001,Rush Street Interactive
2023-07-09,28672081,2108049.1933999546,Caesars Sport Book
2023-07-09,81832097,7822683.420010997,DraftKings Sport Book
2023-07-09,1789438,112368.97000000003,ESPN Bet
2023-07-09,94677863,10700409.499999998,FanDuel
2023-07-09,3298392,225622.03999999986,Fanatics
2023-07-09,913211,75048.57000000004,Resorts World Bet
2023-07-09,8907716,604689.1200000009,Rush Street Interactive
2023-07-16,18758930,1577387.5564000616,Caesars Sport Book
2023-07-16,56988162,5785426.990011001,DraftKings Sport Book
2023-07-16,1145108,73161.03999999967,ESPN Bet
2023-07-16,63993245,7631999.240000001,FanDuel
2023-07-16,2447762,267583.3400000001,Fanatics
2023-07-16,1011982,38842.10000000002,Resorts World Bet
2023-07-16,6610759,687991.3499999987,Rush Street Interactive
2023-07-23,25374677,3018261.633700108,Caesars Sport Book
2023-07-23,71877705,7413455.239999999,DraftKings Sport Book
2023-07-23,1429419,126657.2299999999,ESPN Bet
2023-07-23,92606694,11652207.74,FanDuel
2023-07-23,3440780,332643.1299999999,Fanatics
2023-07-23,1100329,164104.53000000003,Resorts World Bet
2023-07-23,8474420,774868.559999997,Rush Street Interactive
2023-07-30,26469020,2548415.1507999017,Caesars Sport Book
2023-07-30,94513120,13386355.639974993,DraftKings Sport Book
2023-07-30,1663139,137295.97999999975,ESPN Bet
2023-07-30,95211825,4895156.679999998,FanDuel
2023-07-30,3796714,330398.72,Fanatics
2023-07-30,814397,178686.81999999998,Resorts World Bet
2023-07-30,7909919,877430.2899999984,Rush Street Interactive
2023-08-06,28704798,2988916.8699998376,Caesars Sport Book
2023-08-06,161404050,25241171.159994993,DraftKings Sport Book
2023-08-06,1903462,169406.87999999992,ESPN Bet
2023-08-06,99252423,12233869.290000003,FanDuel
2023-08-06,3524375,401755.54999999993,Fanatics
2023-08-06,751086,112984.40000000002,Resorts World Bet
2023-08-06,7931548,492380.59999999334,Rush Street Interactive
2023-08-13,26456740,2006176.1125000897,Caesars Sport Book
2023-08-13,75899226,6842240.719999997,DraftKings Sport Book
2023-08-13,1967540,59377.45999999996,ESPN Bet
2023-08-13,87431662,10484781.639999999,FanDuel
2023-08-13,3582225,120837.42000000016,Fanatics
2023-08-13,874015,75561.65000000001,Resorts World Bet
2023-08-13,8388101,518068.7399999972,Rush Street Interactive
2023-08-20,25936788,2296975.858099953,Caesars Sport Book
2023-08-20,89309325,7284082.799976999,DraftKings Sport Book
2023-08-20,1943771,237607.7499999996,ESPN Bet
2023-08-20,87679654,8908151.169999998,FanDuel
2023-08-20,3286293,271700.4600000002,Fanatics
2023-08-20,947287,12590.129999999932,Resorts World Bet
2023-08-20,8541999,917718.7399999939,Rush Street Interactive
2023-08-27,24814211,1642221.8800000013,Caesars Sport Book
2023-08-27,75101837,7437828.7100100005,DraftKings Sport Book
2023-08-27,1867684,266415.56999999983,ESPN Bet
2023-08-27,83732551,9868052.93,FanDuel
2023-08-27,3949593,35830.330000000016,Fanatics
2023-08-27,741527,88427.25000000001,Resorts World Bet
2023-08-27,7232269,794849.0299999953,Rush Street Interactive
2023-09-03,36253698,1538928.4104021988,Caesars Sport Book
2023-09-03,122242389,7289350.819999998,FanDuel
2023-09-03,5674554,237634.27999999968,Fanatics
2023-09-03,1529005,110110.29999999999,Resorts World Bet
2023-09-03,10076990,915055.4300000002,Rush Street Interactive
2023-09-10,40920453,4361005.373000002,Caesars Sport Book
2023-09-10,138850833,16446089.530006003,DraftKings Sport Book
2023-09-10,195516142,32331054.060000017,FanDuel
2023-09-10,5281529,495387.1699999995,Fanatics
2023-09-10,1287279,20100.769999999946,Resorts World Bet
2023-09-10,9614203,934545.9600000039,Rush Street Interactive
2023-09-17,38859834,1864731.4262999971,Caesars Sport Book
2023-09-17,179671331,12907889.629999,DraftKings Sport Book
2023-09-17,2511241,203651.6700000002,ESPN Bet
2023-09-17,138978859,10932231.45000001,FanDuel
2023-09-17,5261249,101742.31000000017,Fanatics
2023-09-17,1315931,91426.66,Resorts World Bet
2023-09-17,10198124,1030666.8700000133,Rush Street Interactive
2023-09-24,43390939,3120817.102896617,Caesars Sport Book
2023-09-24,176013274,13926794.480005005,DraftKings Sport Book
2023-09-24,2515016,171646.82999999996,ESPN Bet
2023-09-24,160145889,14787844.950000005,FanDuel
2023-09-24,6403791,551811.95,Fanatics
2023-09-24,2087310,62313.66,Resorts World Bet
2023-09-24,11540691,1184811.7299999967,Rush Street Interactive
2023-10-01,42643119,89699.23599952739,Caesars Sport Book
2023-10-01,196107171,10357549.160041,DraftKings Sport Book
2023-10-01,2862482,6423.2199999992445,ESPN Bet
2023-10-01,176812906,15921095.269999988,FanDuel
2023-10-01,6004845,298683.81000000023,Fanatics
2023-10-08,40903886,2584992.635499567,Caesars Sport Book
2023-10-08,140058063,12639646.449952997,DraftKings Sport Book
2023-10-08,2733986,176552.09999999762,ESPN Bet
2023-10-08,160627537,12077942.790000003,FanDuel
2023-10-08,6155161,304759.30999999965,Fanatics
2023-10-08,1934663,327496.29999999993,Resorts World Bet
2023-10-08,17498545,1320360.0299999993,Rush Street Interactive
2023-10-15,42474081,4923947.265499944,Caesars Sport Book
2023-10-15,145949308,23033979.47992201,DraftKings Sport Book
2023-10-15,2409323,142428.25000000073,ESPN Bet
2023-10-15,159940580,29551594.900000006,FanDuel
2023-10-15,5500124,608337.5900000002,Fanatics
2023-10-15,1430567,281060.8400000001,Resorts World Bet
2023-10-15,22705349,383836.39999999944,Rush Street Interactive
2023-10-22,41920547,3944972.0268000187,Caesars Sport Book
2023-10-22,146098018,15176014.089917013,DraftKings Sport Book
2023-10-22,198714912,20512375.89,FanDuel
2023-10-22,6370729,469908.67000000004,Fanatics
2023-10-22,1710790,173228.01999999996,Resorts World Bet
2023-10-29,46929547,1297722.102099006,Caesars Sport Book
2023-10-29,147601738,8944622.980015999,DraftKings Sport Book
2023-10-29,2848459,123270.00000000052,ESPN Bet
2023-10-29,274702724,13303137.829999994,FanDuel
2023-10-29,1808605,99883.15999999989,Resorts World Bet
2023-10-29,21531901,3867755.2000000076,Rush Street Interactive
2023-11-05,46050322,2692128.6772981873,Caesars Sport Book
2023-11-05,159474875,10738373.70003001,DraftKings Sport Book
2023-11-05,2599110,90082.9199999994,ESPN Bet
2023-11-05,215293001,20054129.410000008,FanDuel
2023-11-05,7262117,710792.8899999995,Fanatics
2023-11-05,2088612,183986.80000000002,Resorts World Bet
2023-11-05,18835233,1336923.3400000033,Rush Street Interactive
2023-11-12,48256897,2840178.6434985036,Caesars Sport Book
2023-11-12,163762377,15286252.110028002,DraftKings Sport Book
2023-11-12,189913031,21004401.13,FanDuel
2023-11-12,5861354,863409.6699999999,Fanatics
2023-11-12,1141766,226158.77000000002,Resorts World Bet
2023-11-12,15464665,1437118.7200000072,Rush Street Interactive
2023-11-19,46446667,4312778.74319816,Caesars Sport Book
2023-11-19,154116260,14213878.060023999,DraftKings Sport Book
2023-11-19,262287815,18375419.110000003,FanDuel
2023-11-19,6366806,384832.9899999999,Fanatics
2023-11-19,1435868,146083.42999999993,Resorts World Bet
2023-11-19,22108831,1098750.1800000074,Rush Street Interactive
2023-11-26,55037518,494509.6085986765,Caesars Sport Book
2023-11-26,186940463,7947564.8601190075,DraftKings Sport Book
2023-11-26,214764211,11577606.66999998,FanDuel
2023-11-26,6437550,379213.33999999985,Fanatics
2023-11-26,17286783,771267.6700000043,Rush Street Interactive
2023-12-03,45765735,2883643.636797949,Caesars Sport Book
2023-12-03,193588844,13492835.359998997,DraftKings Sport Book
2023-12-03,2303410,106709.81999999992,ESPN Bet
2023-12-03,194664677,12297755.890000006,FanDuel
2023-12-03,5994221,328908.95,Fanatics
2023-12-03,1910599,103886.22000000004,Resorts World Bet
2023-12-03,15938846,1107822.120000005,Rush Street Interactive
2023-12-10,41561613,4468776.913500292,Caesars Sport Book
2023-12-10,145764061,20157852.991197996,DraftKings Sport Book
2023-12-10,1880022,118107.76000000065,ESPN Bet
2023-12-10,176893032,27102678.45999999,FanDuel
2023-12-10,6318014,828852.6300000002,Fanatics
2023-12-10,1720575,121950.90999999993,Resorts World Bet
2023-12-10,11658313,1082780.4299999971,Rush Street Interactive
2023-12-17,43610089,3633705.1760997,Caesars Sport Book
2023-12-17,218089246,18122787.009990014,DraftKings Sport Book
2023-12-17,183382886,19906575.23,FanDuel
2023-12-17,6198087,777169.2599999997,Fanatics
2023-12-17,2518394,95659.30999999994,Resorts World Bet
2023-12-17,9394717,335745.6800000098,Rush Street Interactive
2023-12-24,42945134,4388253.249999121,Caesars Sport Book
2023-12-24,149033319,11559701.549999993,DraftKings Sport Book
2023-12-24,174667257,22008284.51999999,FanDuel
2023-12-24,6244151,475330.3000000003,Fanatics
2023-12-24,2197447,206716.52999999988,Resorts World Bet
2023-12-24,10960289,812251.6899999983,Rush Street Interactive
2023-12-31,47865391,2901274.7974998113,Caesars Sport Book
2023-12-31,167984156,13713750.910027992,DraftKings Sport Book
2023-12-31,196898612,16669206.93000001,FanDuel
2023-12-31,6805054,461975.8600000001,Fanatics
2023-12-31,11704170,689995.3800000024,Rush Street Interactive
2024-01-07,46954756,566512.7288998608,Caesars Sport Book
2024-01-07,155519440,9479616.759982005,DraftKings Sport Book
2024-01-07,2208949,82551.77999999982,ESPN Bet
2024-01-07,194756020,19253219.669999998,FanDuel
2024-01-07,6627546,399077.63999999955,Fanatics
2024-01-07,1467672,71315.78999999994,Resorts World Bet
2024-01-07,14019899,653339.7299999984,Rush Street Interactive
2024-01-14,45841770,5387843.155499596,Caesars Sport Book
2024-01-14,150758871,23174791.444987,DraftKings Sport Book
2024-01-14,2100328,51098.55000000121,ESPN Bet
2024-01-14,199951004,33383092.63,FanDuel
2024-01-14,6403591,959769.06,Fanatics
2024-01-14,1600240,321197.93000000005,Resorts World Bet
2024-01-14,10697296,1185780.1299999997,Rush Street Interactive
2024-01-21,51101184,2083623.1623999276,Caesars Sport Book
2024-01-21,166956108,15882885.169786997,DraftKings Sport Book
2024-01-21,1938616,49178.939999999886,ESPN Bet
2024-01-21,216135338,25836352.529999997,FanDuel
2024-01-21,8512195,521965.85999999987,Fanatics
2024-01-21,1773931,169919.88999999993,Resorts World Bet
2024-01-21,12300093,740619.540000008,Rush Street Interactive
2024-01-28,40504484,4041461.118299981,Caesars Sport Book
2024-01-28,143997840,14959313.919986,DraftKings Sport Book
2024-01-28,1784324,61375.45999999982,ESPN Bet
2024-01-28,190453693,21376107.180000007,FanDuel
2024-01-28,7700207,434716.1699999997,Fanatics
2024-01-28,1450231,117815.11999999997,Resorts World Bet
2024-01-28,9251296,605194.93,Rush Street Interactive
2024-02-04,36197655,3529593.5221998156,Caesars Sport Book
2024-02-04,126201055,14763991.389981,DraftKings Sport Book
2024-02-04,1943712,103748.3500000005,ESPN Bet
2024-02-04,167360109,21326721.360000007,FanDuel
2024-02-04,6768250,812018.7300000001,Fanatics
2024-02-04,1660622,131192.92,Resorts World Bet
2024-02-04,10399318,680226.7800000104,Rush Street Interactive
2024-02-11,167309534,7122688.749991007,DraftKings Sport Book
2024-02-11,203893271,8167984.819999989,FanDuel
2024-02-11,7026298,253508.03999999992,Fanatics
2024-02-11,2859998,101026.21000000008,Resorts World Bet
2024-02-11,12207295,179966.34999999823,Rush Street Interactive
2024-02-18,35231938,1281426.054299613,Caesars Sport Book
2024-02-18,155691619,17640045.20398099,DraftKings Sport Book
2024-02-18,1805865,67484.39999999979,ESPN Bet
2024-02-18,161566516,17214128.930000003,FanDuel
2024-02-18,5901715,462535.20999999996,Fanatics
2024-02-18,1567030,104200.55,Resorts World Bet
2024-02-18,11444324,902354.3800000013,Rush Street Interactive
2024-02-25,35269271,3668010.917499965,Caesars Sport Book
2024-02-25,130039009,15246623.479996001,DraftKings Sport Book
2024-02-25,1488554,103241.41999999995,ESPN Bet
2024-02-25,157381179,21061838.950000003,FanDuel
2024-02-25,2119276,202273.59999999995,Resorts World Bet
2024-02-25,11013930,1097047.21999999,Rush Street Interactive
2024-03-03,42816015,1908160.2592992648,Caesars Sport Book
2024-03-03,155205021,10543836.19,DraftKings Sport Book
2024-03-03,1526088,60076.830000000045,ESPN Bet
2024-03-03,183961993,14794887.219999997,FanDuel
2024-03-03,27383438,10145283.55,Fanatics
2024-03-03,1655260,176217.40999999995,Resorts World Bet
2024-03-03,13121113,831333.2100000025,Rush Street Interactive
2024-03-10,44053738,3335701.3991997065,Caesars Sport Book
2024-03-10,146538194,13050789.950002003,DraftKings Sport Book
2024-03-10,1317273,18697.940000000293,ESPN Bet
2024-03-10,184786638,16459028.959999999,FanDuel
2024-03-10,11963872,812439.2999999998,Fanatics
2024-03-10,2240502,148005.78999999998,Resorts World Bet
2024-03-10,12731320,841928.7999999938,Rush Street Interactive
2024-03-17,48937214,3357052.5651994003,Caesars Sport Book
2024-03-17,147970777,11291572.069995992,DraftKings Sport Book
2024-03-17,596577,38337.18000000007,ESPN Bet
2024-03-17,178863633,21297639.5,FanDuel
2024-03-17,13686152,1111706.5900000012,Fanatics
2024-03-17,2264286,192808.19000000003,Resorts World Bet
2024-03-17,20290601,616199.2099999976,Rush Street Interactive
2024-03-24,48170659,2919476.0502001,Caesars Sport Book
2024-03-24,174377326,10329996.72990501,DraftKings Sport Book
2024-03-24,567522,37601.42000000006,ESPN Bet
2024-03-24,244835752,13967653.879999993,FanDuel
2024-03-24,18419491,1245736.5400000021,Fanatics
2024-03-24,2235105,200666.01000000004,Resorts World Bet
2024-03-24,18394607,944749.0000000083,Rush Street Interactive
2024-03-31,40692209,3473597.8347992864,Caesars Sport Book
2024-03-31,153852827,12744433.969992002,DraftKings Sport Book
2024-03-31,426190,4617.679999999935,ESPN Bet
2024-03-31,202796047,21395358.569999993,FanDuel
2024-03-31,15854381,1249452.0200000023,Fanatics
2024-03-31,2053883,212105.85999999993,Resorts World Bet
2024-03-31,11123931,975829.8700000036,Rush Street Interactive
2024-04-07,41769228,2249000.4557999466,Caesars Sport Book
2024-04-07,163456468,13068666.29,DraftKings Sport Book
2024-04-07,385194,14813.37000000001,ESPN Bet
2024-04-07,194638833,21837182.859999996,FanDuel
2024-04-07,17918071,1602578.4899999993,Fanatics
2024-04-07,1515435,157744.14,Resorts World Bet
2024-04-07,12700740,1021497.9999999949,Rush Street Interactive
2024-04-14,36009953,1670187.8134982833,Caesars Sport Book
2024-04-14,193232471,7149621.798120985,DraftKings Sport Book
2024-04-14,449464,14917.06000000023,ESPN Bet
2024-04-14,177653260,16298286.099999998,FanDuel
2024-04-14,17127326,634925.8999999997,Fanatics
2024-04-14,1560246,96897.0500000001,Resorts World Bet
2024-04-14,27355782,248702.51000002725,Rush Street Interactive
2024-04-21,33679504,3023426.408499416,Caesars Sport Book
2024-04-21,187129088,27314473.030000005,DraftKings Sport Book
2024-04-21,431539,19129.340000000073,ESPN Bet
2024-04-21,170902486,21196936.29,FanDuel
2024-04-21,17929192,1742265.1800000009,Fanatics
2024-04-21,1584409,187288.67999999993,Resorts World Bet
2024-04-21,12720082,796623.6299999942,Rush Street Interactive
2024-04-28,37353938,2205965.2096664067,Caesars Sport Book
2024-04-28,152809080,10669036.970006999,DraftKings Sport Book
2024-04-28,503735,29164.990000000005,ESPN Bet
2024-04-28,189716837,21961129.319999997,FanDuel
2024-04-28,16127605,1309409.689999999,Fanatics
2024-04-28,1502828,67837.34000000004,Resorts World Bet
2024-04-28,11610886,869855.9500000002,Rush Street Interactive
2024-05-05,36190839,1384937.1225994541,Caesars Sport Book
2024-05-05,217230355,7037661.770003011,DraftKings Sport Book
2024-05-05,432654,12967.070000000036,ESPN Bet
2024-05-05,168303125,12640328.439999994,FanDuel
2024-05-05,18067508,759187.7000000002,Fanatics
2024-05-05,1495615,123510.05000000002,Resorts World Bet
2024-05-05,11345336,169783.81000000308,Rush Street Interactive
2024-05-12,39978198,2852687.1580022834,Caesars Sport Book
2024-05-12,231480985,36518816.52999401,DraftKings Sport Book
2024-05-12,470366,28326.629999999997,ESPN Bet
2024-05-12,199051939,26898581.200000003,FanDuel
2024-05-12,16429493,1268216.3699999982,Fanatics
2024-05-12,1739423,42061.96999999997,Resorts World Bet
2024-05-12,11405874,963431.2800000085,Rush Street Interactive
2024-05-19,38590501,2800105.2236983944,Caesars Sport Book
2024-05-19,167614361,15002260.619994013,DraftKings Sport Book
2024-05-19,415523,12248.970000000125,ESPN Bet
2024-05-19,180003171,27201196.78,FanDuel
2024-05-19,17332587,1949887.8100000005,Fanatics
2024-05-19,2210067,225432.22999999998,Resorts World Bet
2024-05-19,10277252,1054842.129999997,Rush Street Interactive
2024-05-26,33097327,3323574.172301401,Caesars Sport Book
2024-05-26,155730752,20455440.380006008,DraftKings Sport Book
2024-05-26,436262,12233.200000000084,ESPN Bet
2024-05-26,149268938,15825377.110000003,FanDuel
2024-05-26,14940336,2037374.1799999992,Fanatics
2024-05-26,2298572,221219.5,Resorts World Bet
2024-05-26,8610034,1062246.939999993,Rush Street Interactive
2024-06-02,32480750,2260770.1899999995,Caesars Sport Book
2024-06-02,121291969,8151783.919999996,DraftKings Sport Book
2024-06-02,410220,1714.9500000000771,ESPN Bet
2024-06-02,139906806,16833930.64,FanDuel
2024-06-02,15045666,1142630.4500000007,Fanatics
2024-06-02,1646237,99899.81000000003,Resorts World Bet
2024-06-02,9995391,588789.0700000008,Rush Street Interactive
2024-06-09,27668719,2062669.8000000021,Caesars Sport Book
2024-06-09,123736468,11344231.449996997,DraftKings Sport Book
2024-06-09,324951,11709.400000000038,ESPN Bet
2024-06-09,134126220,17787641.970000006,FanDuel
2024-06-09,14102295,1414148.1199999996,Fanatics
2024-06-09,1415051,223944.94,Resorts World Bet
2024-06-09,19712429,512884.9599999881,Rush Street Interactive
2024-06-16,30669138,1682474.619999994,Caesars Sport Book
2024-06-16,125653266,11003640.99000001,DraftKings Sport Book
2024-06-16,340621,17987.510000000115,ESPN Bet
2024-06-16,137682149,15219507.5,FanDuel
2024-06-16,14952211,1616523.4699999995,Fanatics
2024-06-16,2042779,131244.07,Resorts World Bet
2024-06-16,24925981,712207.6299999838,Rush Street Interactive
2024-06-23,31314023,2536849.1399999983,Caesars Sport Book
2024-06-23,118021953,10921212.640015004,DraftKings Sport Book
2024-06-23,357857,30148.200000000004,ESPN Bet
2024-06-23,131101449,19659166.510000005,FanDuel
2024-06-23,16605186,1959513.8500000003,Fanatics
2024-06-23,1655604,86367.47000000004,Resorts World Bet
2024-06-23,9722765,854785.3799999973,Rush Street Interactive
2024-06-30,27871775,1997706.9400000013,Caesars Sport Book
2024-06-30,113507624,9652793.629990002,DraftKings Sport Book
2024-06-30,371079,20302.270000000055,ESPN Bet
2024-06-30,126959251,12763918.600000001,FanDuel
2024-06-30,16539276,1839174.9899999995,Fanatics
2024-06-30,1856117,157434.83000000007,Resorts World Bet
2024-06-30,11010401,545686.1799999967,Rush Street Interactive
2024-07-07,26622252,3286104.08,Caesars Sport Book
2024-07-07,118012753,14310858.660004,DraftKings Sport Book
2024-07-07,368739,21361.54000000003,ESPN Bet
2024-07-07,123721812,14370561.099999992,FanDuel
2024-07-07,16909191,954288.9799999993,Fanatics
2024-07-07,1115881,128121.98,Resorts World Bet
2024-07-07,9129988,821220.4799999978,Rush Street Interactive
2024-07-14,26420733,1648676.12,Caesars Sport Book
2024-07-14,110224048,11625664.560013006,DraftKings Sport Book
2024-07-14,284062,11551.200000000114,ESPN Bet
2024-07-14,116960756,14811947.200000001,FanDuel
2024-07-14,18284495,3220725.54,Fanatics
2024-07-14,1326973,127644.06999999999,Resorts World Bet
2024-07-14,8813971,917407.8799999997,Rush Street Interactive
2024-07-21,19946661,2503264.79,Caesars Sport Book
2024-07-21,81544840,7742591.289999997,DraftKings Sport Book
2024-07-21,112792,14974.669999999986,ESPN Bet
2024-07-21,86809383,11219035.15,FanDuel
2024-07-21,14209110,1698325.4699999993,Fanatics
2024-07-21,1290591,116458.06999999995,Resorts World Bet
2024-07-21,7486744,729012.6900000009,Rush Street Interactive
2024-07-28,24310133,2698698.82,Caesars Sport Book
2024-07-28,97010134,11367883.669995006,DraftKings Sport Book
2024-07-28,171331,3334.1799999999985,ESPN Bet
2024-07-28,103164983,14589227.840000002,FanDuel
2024-07-28,17886763,2444249.4700000007,Fanatics
2024-07-28,1625728,57062.470000000045,Resorts World Bet
2024-07-28,6698916,763005.6499999972,Rush Street Interactive
2024-08-04,26744865,1859339.7499999995,Caesars Sport Book
2024-08-04,125768345,7800861.399982013,DraftKings Sport Book
2024-08-04,121652497,8887409.819999998,FanDuel
2024-08-04,19653201,1419237.509999998,Fanatics
2024-08-04,1459336,78170.34000000001,Resorts World Bet
2024-08-04,8737940,500771.9799999973,Rush Street Interactive
2024-08-11,26188146,2245076.4199999995,Caesars Sport Book
2024-08-11,116388685,7924892.949997999,DraftKings Sport Book
2024-08-11,109904199,11055286.84,FanDuel
2024-08-11,19775076,1502822.110000001,Fanatics
2024-08-11,1614100,115512.80000000012,Resorts World Bet
2024-08-11,9105359,645042.4900000015,Rush Street Interactive
2024-08-18,25561536,2445218.299999999,Caesars Sport Book
2024-08-18,103743269,12763020.100000001,DraftKings Sport Book
2024-08-18,107026230,15153534.630000003,FanDuel
2024-08-18,21940502,2811682.1399999997,Fanatics
2024-08-18,1794685,95354.02999999998,Resorts World Bet
2024-08-18,7815702,711778.1000000003,Rush Street Interactive
2024-08-25,26086425,1708671.3800000013,Caesars Sport Book
2024-08-25,105138977,9404732.339997998,DraftKings Sport Book
2024-08-25,105903816,11677101.279999996,FanDuel
2024-08-25,19563320,1254109.6300000004,Fanatics
2024-08-25,1891005,107865.72999999992,Resorts World Bet
2024-08-25,7003230,672189.199999996,Rush Street Interactive
2024-09-01,31591450,2310323.769999999,Caesars Sport Book
2024-09-01,150365004,9359359.580009006,DraftKings Sport Book
2024-09-01,142583417,13450482.990000004,FanDuel
2024-09-01,24948259,2209213.77,Fanatics
2024-09-01,2789328,180821.87999999998,Resorts World Bet
2024-09-01,13142192,1032041.4700000106,Rush Street Interactive
2024-09-08,35027726,1988894.2400000012,Caesars Sport Book
2024-09-08,181128402,9975460.119929014,DraftKings Sport Book
2024-09-08,181587810,14958455.080000002,FanDuel
2024-09-08,27969305,1733179.8799999997,Fanatics
2024-09-08,12224655,669462.2100000004,Rush Street Interactive
2024-09-15,33448312,3795548.589999999,Caesars Sport Book
2024-09-15,184345077,23608756.980016988,DraftKings Sport Book
2024-09-15,183390946,35147714.3,FanDuel
2024-09-15,31289229,2957354.4299999983,Fanatics
2024-09-15,1851176,267855.78,Resorts World Bet
2024-09-15,10111325,913880.0200000022,Rush Street Interactive
2024-09-22,35638164,2956702.590000001,Caesars Sport Book
2024-09-22,181648143,17402768.939852007,DraftKings Sport Book
2024-09-22,175548246,19255036.81000001,FanDuel
2024-09-22,36986263,1360487.3699999978,Fanatics
2024-09-22,1420681,93796.41999999991,Resorts World Bet
2024-09-22,9254205,891883.7399999971,Rush Street Interactive
2024-09-29,34720869,3774647.81999996,Caesars Sport Book
2024-09-29,196317296,17439470.28000998,DraftKings Sport Book
2024-09-29,3044164,165672.84999999998,ESPN Bet
2024-09-29,198225538,24189929.120000012,FanDuel
2024-09-29,38988615,2261094.010000004,Fanatics
2024-09-29,1407297,213582.97999999998,Resorts World Bet
2024-09-29,8888822,900741.2999999995,Rush Street Interactive
2024-10-06,32238496,3008589.2499999986,Caesars Sport Book
2024-10-06,182353274,21269989.419989016,DraftKings Sport Book
2024-10-06,9092643,1149939.73,ESPN Bet
2024-10-06,184111163,19023512.990000002,FanDuel
2024-10-06,43059582,3198550.160000001,Fanatics
2024-10-06,1648213,192634.73,Resorts World Bet
2024-10-06,9354793,1042290.409999996,Rush Street Interactive
2024-10-13,31768755,1623704.540000001,Caesars Sport Book
2024-10-13,173029230,5333562.929995006,DraftKings Sport Book
2024-10-13,8670442,189740.78000000038,ESPN Bet
2024-10-13,183985343,13942965.589999987,FanDuel
2024-10-13,10489465,503899.58999999624,Rush Street Interactive
2024-10-20,39494279,515350.92000000086,Caesars Sport Book
2024-10-20,198276055,1479466.3399920128,DraftKings Sport Book
2024-10-20,8149077,537911.0900000001,ESPN Bet
2024-10-20,207868685,5883194.200000003,FanDuel
2024-10-20,40314664,2257302.340000004,Fanatics
2024-10-20,1757491,50411.02000000002,Resorts World Bet
2024-10-20,11106027,495547.47000000277,Rush Street Interactive
2024-10-27,37496080,3959842.0599999996,Caesars Sport Book
2024-10-27,192548070,19671426.619992,DraftKings Sport Book
2024-10-27,11442338,727703.0700000005,ESPN Bet
2024-10-27,240487519,23910735.23,FanDuel
2024-10-27,41703433,5320965.200000003,Fanatics
2024-10-27,1535623,121819.91999999998,Resorts World Bet
2024-10-27,10819411,1068423.330000001,Rush Street Interactive
2024-11-03,37319237,2669669.7100000004,Caesars Sport Book
2024-11-03,183287462,16915929.18769501,DraftKings Sport Book
2024-11-03,9121403,412543.0299999998,ESPN Bet
2024-11-03,230944387,26889558.33,FanDuel
2024-11-03,39251365,2497164.2099999976,Fanatics
2024-11-03,1520792,189859.5000000001,Resorts World Bet
2024-11-03,10864920,480531.19999999925,Rush Street Interactive
2024-11-10,37658770,4101217.4599999995,Caesars Sport Book
2024-11-10,167072709,15376627.95000601,DraftKings Sport Book
2024-11-10,9616542,1447376.18,ESPN Bet
2024-11-10,215037435,24377036.81000001,FanDuel
2024-11-10,39780683,3395919.2499999967,Fanatics
2024-11-10,1434779,167810.42999999996,Resorts World Bet
2024-11-10,10859476,1058200.5599999935,Rush Street Interactive
2024-11-17,33127410,3115521.8999999994,Caesars Sport Book
2024-11-17,162720896,16517618.939989014,DraftKings Sport Book
2024-11-17,8432257,776499.4699999999,ESPN Bet
2024-11-17,202543511,22675522.079999994,FanDuel
2024-11-17,37468363,4590425.460000001,Fanatics
2024-11-17,1055167,164560.04,Resorts World Bet
2024-11-17,10127024,797580.1000000015,Rush Street Interactive
2024-11-24,31800015,3317812.9199999985,Caesars Sport Book
2024-11-24,160982105,19067532.809994996,DraftKings Sport Book
2024-11-24,8268344,532583.2100000004,ESPN Bet
2024-11-24,198965339,23129133.489999987,FanDuel
2024-11-24,37687156,761592.3699999996,Fanatics
2024-11-24,1140023,101772.52999999998,Resorts World Bet
2024-11-24,10803365,1128564.5799999991,Rush Street Interactive
2024-12-01,43821135,1957663.2800000012,Caesars Sport Book
2024-12-01,202719780,16149183.380007006,DraftKings Sport Book
2024-12-01,9705170,394851.6199999999,ESPN Bet
2024-12-01,235494264,14301540.52,FanDuel
2024-12-01,44059523,5505513.32,Fanatics
2024-12-01,1275495,67191.06,Resorts World Bet
2024-12-01,12182959,1162585.1199999994,Rush Street Interactive
2024-12-08,36304782,2363195.309999998,Caesars Sport Book
2024-12-08,165031774,12757163.239994999,DraftKings Sport Book
2024-12-08,7555173,315513.53,ESPN Bet
2024-12-08,213084634,16740950.239999998,FanDuel
2024-12-08,32632502,2403702.4899999998,Fanatics
2024-12-08,1067124,80262.32999999994,Resorts World Bet
2024-12-08,10594925,648691.0599999964,Rush Street Interactive
2024-12-15,31279289,2005262.81,Caesars Sport Book
2024-12-15,141956784,10074796.000003995,DraftKings Sport Book
2024-12-15,6872187,461440.8099999998,ESPN Bet
2024-12-15,185310550,20056632.699999996,FanDuel
2024-12-15,31308792,2292640.4299999964,Fanatics
2024-12-15,1376706,48977.440000000046,Resorts World Bet
2024-12-15,9516035,501328.8799999979,Rush Street Interactive
2024-12-22,35891868,2031806.2399999993,Caesars Sport Book
2024-12-22,167492494,10271229.170013998,DraftKings Sport Book
2024-12-22,20886200,146756.21999999927,ESPN Bet
2024-12-22,205500116,15674949.919999987,FanDuel
2024-12-22,40800618,574203.2499999967,Fanatics
2024-12-22,1506614,162982.14999999997,Resorts World Bet
2024-12-22,10890536,708625.9100000015,Rush Street Interactive
2024-12-29,36486424,3169041.7899999972,Caesars Sport Book
2024-12-29,165624044,18119541.96000399,DraftKings Sport Book
2024-12-29,8858015,746232.5599999998,ESPN Bet
2024-12-29,213543031,30200781.429999996,FanDuel
2024-12-29,43466192,4494971.7700000005,Fanatics
2024-12-29,1944963,214286.62000000005,Resorts World Bet
2024-12-29,10064048,955031.5500000055,Rush Street Interactive
2025-01-05,40455241,2617822.869999999,Caesars Sport Book
2025-01-05,191987866,12725322.649267,DraftKings Sport Book
2025-01-05,11078336,8673.600000000093,ESPN Bet
2025-01-05,240346237,17169590.669999987,FanDuel
2025-01-05,51375251,2426484.9799999977,Fanatics
2025-01-05,1933733,89165.62000000008,Resorts World Bet
2025-01-05,12137504,802322.9199999934,Rush Street Interactive
2025-01-12,36435119,3560956.890000002,Caesars Sport Book
2025-01-12,191286479,20359123.209048003,DraftKings Sport Book
2025-01-12,10643279,1126953.1500000006,ESPN Bet
2025-01-12,218010906,29912012.699999996,FanDuel
2025-01-12,46252804,2048597.9800000014,Fanatics
2025-01-12,1567419,144926.13000000006,Resorts World Bet
2025-01-12,10647710,986846.059999996,Rush Street Interactive
2025-01-19,41126741,4074323.6099999957,Caesars Sport Book
2025-01-19,193606618,21855073.010010973,DraftKings Sport Book
2025-01-19,15916768,686675.8699999995,ESPN Bet
2025-01-19,231156889,30050984.27,FanDuel
2025-01-19,45076859,5550960.450000003,Fanatics
2025-01-19,2118519,191153.29,Resorts World Bet
2025-01-19,11669764,867328.4200000092,Rush Street Interactive
2025-01-26,34922865,3051120.56,Caesars Sport Book
2025-01-26,189915838,14488499.490004003,DraftKings Sport Book
2025-01-26,13044958,654031.8200000002,ESPN Bet
2025-01-26,209361827,13946709.549999993,FanDuel
2025-01-26,41665420,2621902.359999998,Fanatics
2025-01-26,1755952,40643.82000000001,Resorts World Bet
2025-01-26,10310793,502830.60000000615,Rush Street Interactive
2025-02-02,32525758,3825091.3200000026,Caesars Sport Book
2025-02-02,177513736,18523261.130005,DraftKings Sport Book
2025-02-02,18107388,768485.13,ESPN Bet
2025-02-02,197012520,23883995.34,FanDuel
2025-02-02,40698656,3450278.5899999975,Fanatics
2025-02-02,1765069,229231.47999999995,Resorts World Bet
2025-02-02,10684162,1173220.2999999975,Rush Street Interactive
2025-02-09,36220362,2410986.6299999985,Caesars Sport Book
2025-02-09,193961420,17248053.349991016,DraftKings Sport Book
2025-02-09,11838487,1226431.2400000005,ESPN Bet
2025-02-09,222239245,33778347.00999999,FanDuel
2025-02-09,39804405,4300992.66,Fanatics
2025-02-09,1792617,183126.0899999999,Resorts World Bet
2025-02-09,11729076,311834.6100000087,Rush Street Interactive
2025-02-16,26993420,2490308.719999999,Caesars Sport Book
2025-02-16,160770354,6835752.810000004,DraftKings Sport Book
2025-02-16,8925963,658442.8400000004,ESPN Bet
2025-02-16,159862464,17057551.620000005,FanDuel
2025-02-16,35924436,2503072.899999998,Fanatics
2025-02-16,1986009,135027.91999999998,Resorts World Bet
2025-02-16,10152610,894666.2500000013,Rush Street Interactive
2025-02-23,30966373,2320933.8499999987,Caesars Sport Book
2025-02-23,144321871,17793188.740001,DraftKings Sport Book
2025-02-23,8613897,840755.9699999996,ESPN Bet
2025-02-23,166462758,19480681.680000003,FanDuel
2025-02-23,36913532,2818359.6500000036,Fanatics
2025-02-23,2282630,232664.16000000003,Resorts World Bet
2025-02-23,8734118,978308.7099999961,Rush Street Interactive
2025-03-02,34746668,1428793.96,Caesars Sport Book
2025-03-02,229462333,2690202.4699930176,DraftKings Sport Book
2025-03-02,10601380,487091.4499999996,ESPN Bet
2025-03-02,177631771,17246079.62,FanDuel
2025-03-02,48214883,1374832.4200000046,Fanatics
2025-03-02,2090774,110036.42000000007,Resorts World Bet
2025-03-02,11411191,486885.60999999684,Rush Street Interactive
2025-03-09,34412341,2250223.940000001,Caesars Sport Book
2025-03-09,239424195,16179028.560009003,DraftKings Sport Book
2025-03-09,11510901,1060690.7700000003,ESPN Bet
2025-03-09,182484576,15602430.490000011,FanDuel
2025-03-09,46661873,3180269.3999999957,Fanatics
2025-03-09,2064715,108292.28,Resorts World Bet
2025-03-09,11045600,745269.5799999933,Rush Street Interactive
2025-03-16,36582753,2916818.4300000016,Caesars Sport Book
2025-03-16,211927367,24547160.360004984,DraftKings Sport Book
2025-03-16,12755696,780303.3399999994,ESPN Bet
2025-03-16,189357621,19277405.02000001,FanDuel
2025-03-16,48227187,3055967.780000001,Fanatics
2025-03-16,2537010,79006.28999999998,Resorts World Bet
2025-03-16,11837909,765691.7500000007,Rush Street Interactive
2025-03-23,38783963,1845814.3899999997,Caesars Sport Book
2025-03-23,189046954,17729648.359992996,DraftKings Sport Book
2025-03-23,14144549,1748914.48,ESPN Bet
2025-03-23,207080954,15713140.359999994,FanDuel
2025-03-23,49227540,3976332.640000002,Fanatics
2025-03-23,2705097,53916.530000000086,Resorts World Bet
2025-03-23,11294246,1026750.93,Rush Street Interactive
2025-03-30,35169988,1201925.0499999984,Caesars Sport Book
2025-03-30,177814590,1183700.840002004,DraftKings Sport Book
2025-03-30,10426962,43278.24000000011,ESPN Bet
2025-03-30,197804320,4285892.840000004,FanDuel
2025-03-30,40897122,787496.1399999992,Fanatics
2025-04-06,38585645,2710013.6000000006,Caesars Sport Book
2025-04-06,189008182,16535700.970003005,DraftKings Sport Book
2025-04-06,15726877,563404.4900000002,ESPN Bet
2025-04-06,212285693,15555467.109999988,FanDuel
2025-04-06,50842344,4105951.9399999995,Fanatics
2025-04-06,2013072,164049.7400000001,Resorts World Bet
2025-04-06,11573677,1134740.9800000002,Rush Street Interactive
2025-04-13,32643043,2309901.350000001,Caesars Sport Book
2025-04-13,163514962,15025126.95989299,DraftKings Sport Book
2025-04-13,11937076,809952.7900000005,ESPN Bet
2025-04-13,179832054,21865289.96000001,FanDuel
2025-04-13,38652229,3470252.12,Fanatics
2025-04-13,1984417,232938.98999999993,Resorts World Bet
2025-04-13,9290602,900287.1200000001,Rush Street Interactive
2025-04-20,31699859,1581325.9899999974,Caesars Sport Book
2025-04-20,150472293,10555443.520026002,DraftKings Sport Book
2025-04-20,9360501,483610.35999999964,ESPN Bet
2025-04-20,180762490,11449750.390000008,FanDuel
2025-04-20,40733930,1176673.4300000006,Fanatics
2025-04-20,2368165,97818.57000000012,Resorts World Bet
2025-04-20,9447528,583186.3000000005,Rush Street Interactive
2025-04-27,41070421,1580532.54,Caesars Sport Book
2025-04-27,181268409,20517123.640008006,DraftKings Sport Book
2025-04-27,13885477,1235701.76,ESPN Bet
2025-04-27,197609596,24114018.64,FanDuel
2025-04-27,40261577,4452288.51,Fanatics
2025-04-27,2897757,333814.3900000001,Resorts World Bet
2025-04-27,10334135,897650.9900000002,Rush Street Interactive
2025-05-04,33996854,3426251.0800000005,Caesars Sport Book
2025-05-04,163907213,15335369.51000501,DraftKings Sport Book
2025-05-04,13593608,478761.00000000047,ESPN Bet
2025-05-04,180508704,26188379.870000005,FanDuel
2025-05-04,35596001,3057994.189999994,Fanatics
2025-05-04,2103741,84029.82,Resorts World Bet
2025-05-04,10773700,484947.81999999983,Rush Street Interactive
2025-05-11,36333611,3041455.9299999997,Caesars Sport Book
2025-05-11,172955864,16187739.260003997,DraftKings Sport Book
2025-05-11,9996404,895145.9,ESPN Bet
2025-05-11,194046063,19505197.72000001,FanDuel
2025-05-11,50903577,1942521.8999999948,Fanatics
2025-05-11,2410829,107041.96000000014,Resorts World Bet
2025-05-11,10716800,944454.7999999997,Rush Street Interactive
2025-05-18,34299615,2280340.890000002,Caesars Sport Book
2025-05-18,176164717,16100825.379997995,DraftKings Sport Book
2025-05-18,11482744,1100702.2399999998,ESPN Bet
2025-05-18,185482741,22904458.560000002,FanDuel
2025-05-18,42513066,3734352.8999999985,Fanatics
2025-05-18,1772134,207115.54999999996,Resorts World Bet
2025-05-18,11061517,757570.7400000002,Rush Street Interactive
2025-05-25,31279015,3746197.659999999,Caesars Sport Book
2025-05-25,179179439,21469702.929986008,DraftKings Sport Book
2025-05-25,10578627,652944.14,ESPN Bet
2025-05-25,170788381,26436257.43999999,FanDuel
2025-05-25,36609804,4402283.239999995,Fanatics
2025-05-25,1935150,148734.04000000004,Resorts World Bet
2025-05-25,10843957,997348.4799999999,Rush Street Interactive
2025-06-01,34179450,3058425.7589992685,Caesars Sport Book
2025-06-01,187561645,23796143.079996005,DraftKings Sport Book
2025-06-01,10355455,1100989.99,ESPN Bet
2025-06-01,169940624,26370023.37,FanDuel
2025-06-01,41365964,5010407.089999996,Fanatics
2025-06-01,2130606,240713.74999999985,Resorts World Bet
2025-06-01,12640565,1094511.71,Rush Street Interactive
2025-06-08,27199961,3331836.1800000016,Caesars Sport Book
2025-06-08,146286815,18977139.340000004,DraftKings Sport Book
2025-06-08,9508671,970333.9,ESPN Bet
2025-06-08,137737062,19762105.96,FanDuel
2025-06-08,36573851,4362002.299999997,Fanatics
2025-06-08,1464560,193494.22999999998,Resorts World Bet
2025-06-08,10340232,790123.2000000003,Rush Street Interactive
2025-06-15,26517747,3304127.0699999994,Caesars Sport Book
2025-06-15,142598473,19737863.220010996,DraftKings Sport Book
2025-06-15,15555102,616091.1900000002,ESPN Bet
2025-06-15,131449929,21961446.970000006,FanDuel
2025-06-15,34888612,4396221.7399999965,Fanatics
2025-06-15,958759,53687.84999999999,Resorts World Bet
2025-06-15,9722116,1001982.4799999999,Rush Street Interactive
2025-06-22,25814884,2480416.4899999998,Caesars Sport Book
2025-06-22,145538448,15542157.409998,DraftKings Sport Book
2025-06-22,9903547,1487793.1100000003,ESPN Bet
2025-06-22,138900477,25195395.950000007,FanDuel
2025-06-22,37407640,5026926.359999999,Fanatics
2025-06-22,9211481,971343.1600000004,Rush Street Interactive
2025-06-29,22056488,2410168.0799999996,Caesars Sport Book
2025-06-29,129157984,10378327.400001992,DraftKings Sport Book
2025-06-29,8967189,720636.7999999997,ESPN Bet
2025-06-29,119854154,15350126.320000002,FanDuel
2025-06-29,34189828,2620564.8999999957,Fanatics
2025-06-29,8273958,669371.7099999998,Rush Street Interactive
2025-07-06,25245864,2695504.6299999994,Caesars Sport Book
2025-07-06,133733445,13543925.440001003,DraftKings Sport Book
2025-07-06,9060176,1440743.0700000003,ESPN Bet
2025-07-06,119310674,13492312.499999996,FanDuel
2025-07-06,31385582,3544846.0900000012,Fanatics
2025-07-06,8864152,971864.4200000004,Rush Street Interactive
2025-07-13,24006128,1603991.1000000006,Caesars Sport Book
2025-07-13,122657720,12577332.039999997,DraftKings Sport Book
2025-07-13,6837215,506109.32999999984,ESPN Bet
2025-07-13,112142063,15108079.08,FanDuel
2025-07-13,30612935,2859671.270000001,Fanatics
2025-07-13,7812760,440375.2599999998,Rush Street Interactive
2025-07-20,17685682,2083542.79,Caesars Sport Book
2025-07-20,100489018,8622704.460002007,DraftKings Sport Book
2025-07-20,5606506,423596.9600000003,ESPN Bet
2025-07-20,89509523,14536556.32,FanDuel
2025-07-20,28205327,3168476.3100000015,Fanatics
2025-07-20,6246346,937473.5800000001,Rush Street Interactive
2025-07-27,22370273,2373483.7399999998,Caesars Sport Book
2025-07-27,114221926,12404711.449988991,DraftKings Sport Book
2025-07-27,12840656,1142665.9099999997,ESPN Bet
2025-07-27,113524252,11795276.130000005,FanDuel
2025-07-27,31351798,3701391.019999999,Fanatics
2025-07-27,8494110,658590.18,Rush Street Interactive
2025-08-03,22093800,3010040.278499815,Caesars Sport Book
2025-08-03,110289409,14358078.730005996,DraftKings Sport Book
2025-08-03,10060634,1237317.1799999997,ESPN Bet
2025-08-03,111723683,16690299.259999996,FanDuel
2025-08-03,8801289,908816.1299999995,Rush Street Interactive
2025-08-10,21535678,1882866.6299999992,Caesars Sport Book
2025-08-10,105277538,11386414.330004003,DraftKings Sport Book
2025-08-10,8542928,839198.6799999999,ESPN Bet
2025-08-10,113606777,13621162.930000003,FanDuel
2025-08-10,32863231,3743963.800000001,Fanatics
2025-08-10,8154143,776444.2299999997,Rush Street Interactive
2025-08-17,24268186,1812782.1099997605,Caesars Sport Book
2025-08-17,122438986,10851246.57,DraftKings Sport Book
2025-08-17,8876553,356810.03000000014,ESPN Bet
2025-08-17,117264876,14201462.370000001,FanDuel
2025-08-17,147334257,2689314.770000009,Fanatics
2025-08-17,9101355,823473.7399999995,Rush Street Interactive
2025-08-24,26310981,2221838.12,Caesars Sport Book
2025-08-24,132593559,15495577.790000007,DraftKings Sport Book
2025-08-24,7242770,892349.8300000001,ESPN Bet
2025-08-24,125648322,11167646.13,FanDuel
2025-08-24,212741599,441167.32000000775,Fanatics
2025-08-24,8939006,854385.2400000005,Rush Street Interactive
2025-08-31,31008655,3528136.0199999996,Caesars Sport Book
2025-08-31,166340670,19963957.87,DraftKings Sport Book
2025-08-31,9827254,880055.55,ESPN Bet
2025-08-31,152512535,21652539.54,FanDuel
2025-08-31,145833764,14800685.45999999,Fanatics
2025-08-31,10468503,1211704.6600000001,Rush Street Interactive
2025-09-07,34816167,2305526.3000000003,Caesars Sport Book
2025-09-07,205254442,4469721.949999997,DraftKings Sport Book
2025-09-07,10529178,500325.0400000005,ESPN Bet
2025-09-07,173672799,14553305.090000002,FanDuel
2025-09-07,51947456,5925990.430000006,Fanatics
2025-09-07,11581616,774861.6299999985,Rush Street Interactive
2025-09-14,33456390,2594693.69,Caesars Sport Book
2025-09-14,202367321,20142993.96999999,DraftKings Sport Book
2025-09-14,11668625,706957.5199999999,ESPN Bet
2025-09-14,175030243,24095325.3,FanDuel
2025-09-14,65955964,5530435.35999999,Fanatics
2025-09-14,10379827,1054140.9199999995,Rush Street Interactive
2025-09-21,36413126,2903698.2299999977,Caesars Sport Book
2025-09-21,219813405,22443025.599999987,DraftKings Sport Book
2025-09-21,10726744,731518.8600000006,ESPN Bet
2025-09-21,193134656,23933688.89,FanDuel
2025-09-21,44954227,4265687.719999997,Fanatics
2025-09-21,10712083,514235.8800000014,Rush Street Interactive
2025-09-28,39143678,2181574.05,Caesars Sport Book
2025-09-28,200288091,23200970.96999999,DraftKings Sport Book
2025-09-28,11153923,851544.0800000001,ESPN Bet
2025-09-28,203978285,13733637.799999986,FanDuel
2025-09-28,45466571,4480203.860000001,Fanatics
2025-09-28,10823167,1221864.1700000002,Rush Street Interactive
2025-10-05,42463699,3615303.699999999,Caesars Sport Book
2025-10-05,212047993,7570345.979999978,DraftKings Sport Book
2025-10-05,12968925,269116.5199999991,ESPN Bet
2025-10-05,218719835,13194880.109999996,FanDuel
2025-10-05,48563581,2434873.8200000026,Fanatics
2025-10-05,13019875,568011.5100000002,Rush Street Interactive
2025-10-12,38676659,3735478.7799999993,Caesars Sport Book
2025-10-12,195657939,23575258.450000003,DraftKings Sport Book
2025-10-12,12499205,1116371.7300000007,ESPN Bet
2025-10-12,207667681,31580236.55000001,FanDuel
2025-10-12,43028252,4722897.369999996,Fanatics
2025-10-12,11598933,1301700.3899999994,Rush Street Interactive
2025-10-19,38038450,1766575.8699999996,Caesars Sport Book
2025-10-19,198376723,11659023.439999992,DraftKings Sport Book
2025-10-19,13215290,280743.6999999997,ESPN Bet
2025-10-19,211664810,11382628.409999996,FanDuel
2025-10-19,45112559,2746494.2500000135,Fanatics
2025-10-19,11520257,930216.3000000009,Rush Street Interactive
2025-10-26,39900940,2019167.5999999992,Caesars Sport Book
2025-10-26,237801401,15427439.72000001,DraftKings Sport Book
2025-10-26,15701145,588072.5400000005,ESPN Bet
2025-10-26,251678003,22208941.510000013,FanDuel
2025-10-26,50369513,5148191.470000011,Fanatics
2025-10-26,12070103,859540.2099999993,Rush Street Interactive
2025-11-02,43056716,3848134.6100000027,Caesars Sport Book
2025-11-02,236358439,25808913.33,DraftKings Sport Book
2025-11-02,15339755,1145044.9799999993,ESPN Bet
2025-11-02,258004600,33691886.85000001,FanDuel
2025-11-02,50297411,5302084.740000011,Fanatics
2025-11-02,11888040,828900.2900000003,Rush Street Interactive
2025-11-09,42562980,3276159.3299999996,Caesars Sport Book
2025-11-09,218087907,18767263.709999993,DraftKings Sport Book
2025-11-09,12721354,821315.2600000002,ESPN Bet
2025-11-09,231319587,36060679.14999999,FanDuel
2025-11-09,45131481,5509680.019999998,Fanatics
2025-11-09,11985427,1176231.65,Rush Street Interactive
2025-11-16,41624411,2838316.0800000015,Caesars Sport Book
2025-11-16,200490678,20072757.75000001,DraftKings Sport Book
2025-11-16,11640086,1015090.9600000001,ESPN Bet
2025-11-16,215627758,26718080.431999996,FanDuel
2025-11-16,44220257,4967778.0600000005,Fanatics
2025-11-16,10476911,906948.9000000005,Rush Street Interactive
2025-11-23,39568799,3283183.2400000035,Caesars Sport Book
2025-11-23,180936693,18242416.08999999,DraftKings Sport Book
2025-11-23,13500261,855235.520000001,ESPN Bet
2025-11-23,209034253,28405015.61,FanDuel
2025-11-23,47081212,4841338.370000005,Fanatics
2025-11-23,10607390,782043.5499999996,Rush Street Interactive
2025-11-30,44338187,3767631.1200000034,Caesars Sport Book
2025-11-30,217365859,27343229.279999986,DraftKings Sport Book
2025-11-30,12180558,1235941.4399999995,ESPN Bet
2025-11-30,246890963,30544202.53999999,FanDuel
2025-11-30,51680516,6197653.499999993,Fanatics
2025-11-30,12117364,1117450.3999999994,Rush Street Interactive
2025-12-07,37748453,4548442.26,Caesars Sport Book
2025-12-07,185761806,24222651.509999987,DraftKings Sport Book
2025-12-07,9845455,992715.41,ESPN Bet
2025-12-07,204196518,39896511.99,FanDuel
2025-12-07,45618405,4649088.430000005,Fanatics
2025-12-07,12223620,1276964.3500000003,Rush Street Interactive
2025-12-14,32695779,3076550.3899999997,Caesars Sport Book
2025-12-14,163675222,16967711.300000004,DraftKings Sport Book
2025-12-14,9216531,804951.4600000001,ESPN Bet
2025-12-14,180034710,23581025.449999996,FanDuel
2025-12-14,47972661,193784.0100000021,Fanatics
2025-12-14,11135286,554776.3000000003,Rush Street Interactive
2025-12-21,35623281,1834643.2500000005,Caesars Sport Book
2025-12-21,201194928,14005183.950000007,DraftKings Sport Book
2025-12-21,10299230,762882.4900000002,ESPN Bet
2025-12-21,208520597,14196411.550000008,FanDuel
2025-12-21,50571102,5883210.109999999,Fanatics
2025-12-21,14438086,880559.3099999994,Rush Street Interactive
2025-12-28,33450510,3689823.5500032906,Caesars Sport Book
2025-12-28,179340363,19706426.74,DraftKings Sport Book
2025-12-28,9027348,565762.5200000004,ESPN Bet
2025-12-28,190820529,29149680.740000002,FanDuel
2025-12-28,43895745,5290328.910000001,Fanatics
2025-12-28,11298646,813827.5999999989,Rush Street Interactive
2026-01-04,39802371,3848549.39,Caesars Sport Book
2026-01-04,203663207,22828020.21,DraftKings Sport Book
2026-01-04,11179234,1317524.0300000005,ESPN Bet
2026-01-04,200578769,34306387.48000001,FanDuel
2026-01-04,47144980,7311625.730000001,Fanatics
2026-01-04,12351520,1338144.8199999996,Rush Street Interactive
2026-01-11,37133652,1812538.9399999995,Caesars Sport Book
2026-01-11,181392864,9014903.729999999,DraftKings Sport Book
2026-01-11,11451013,605887.8399999997,ESPN Bet
2026-01-11,200135767,20328285.93240001,FanDuel
2026-01-11,45835374,4006831.2100000014,Fanatics
2026-01-11,11498284,788625.3399999992,Rush Street Interactive
2026-01-18,34016173,4489138.750000001,Caesars Sport Book
2026-01-18,182727761,32339153.150000002,DraftKings Sport Book
2026-01-18,11678407,1524751.9700000004,ESPN Bet
2026-01-18,198485410,43148375.009,FanDuel
2026-01-18,45851414,6227929.840000005,Fanatics
2026-01-18,11523390,1471295.1899999995,Rush Street Interactive
2026-01-25,35180280,502558.63999999966,Caesars Sport Book
2026-01-25,184151554,8276216.010000002,DraftKings Sport Book
2026-01-25,13611946,662593.79,ESPN Bet
2026-01-25,197447320,11028913.471499994,FanDuel
2026-01-25,56747152,2590601.9299999997,Fanatics
2026-01-25,12283604,659174.5900000001,Rush Street Interactive
2026-02-01,33801509,2481554.1299999976,Caesars Sport Book
2026-02-01,166998495,17150080.549999993,DraftKings Sport Book
2026-02-01,12599447,817552.2199999995,ESPN Bet
2026-02-01,176999475,21393106.796000008,FanDuel
2026-02-01,54996038,4813747.499999988,Fanatics
2026-02-01,10788628,1337268.6399999994,Rush Street Interactive
