Date,Handle,GGR,Brand
2022-01-09,63236093,-2725965.0,FanDuel
2022-01-09,2136535,517129.0,Rush Street Interactive
2022-01-16,137115792,16866764.0,FanDuel
2022-01-16,8497137,-70433.0,Rush Street Interactive
2022-01-23,40569269,2514702.0,BetMGM
2022-01-23,159653476,10038212.0,FanDuel
2022-01-23,11561320,784797.0,Rush Street Interactive
2022-01-30,37503630,710277.0,BetMGM
2022-01-30,141786622,-564868.0,FanDuel
2022-01-30,10229325,-394458.0,Rush Street Interactive
2022-02-06,34260676,443110.0,BetMGM
2022-02-06,251356,33657.0,ESPN Bet
2022-02-06,130256763,6632391.0,FanDuel
2022-02-06,8437014,762243.0,Rush Street Interactive
2022-02-13,43304190,-362488.0,BetMGM
2022-02-13,1101825,174062.0,ESPN Bet
2022-02-13,175437706,-2726650.0,FanDuel
2022-02-13,11499208,284625.0,Rush Street Interactive
2022-02-20,39060165,2120843.0,BetMGM
2022-02-20,1508285,212059.0,ESPN Bet
2022-02-20,130615127,12298065.0,FanDuel
2022-02-20,8750825,535745.0,Rush Street Interactive
2022-02-27,37841561,1909477.0,BetMGM
2022-02-27,2000044,311265.0,ESPN Bet
2022-02-27,131988617,10438399.0,FanDuel
2022-02-27,8481025,598149.0,Rush Street Interactive
2022-03-06,38904802,1206985.0,BetMGM
2022-03-06,2346213,304816.0,ESPN Bet
2022-03-06,145617446,18013929.0,FanDuel
2022-03-06,742109,93002.0,Resorts World Bet
2022-03-06,8850263,549318.0,Rush Street Interactive
2022-03-13,40450274,2072188.0,BetMGM
2022-03-13,2357779,391224.0,ESPN Bet
2022-03-13,173049083,17546356.0,FanDuel
2022-03-13,1433637,177295.0,Resorts World Bet
2022-03-13,10649132,372390.0,Rush Street Interactive
2022-03-20,43007730,1589234.0,BetMGM
2022-03-20,2249686,223775.0,ESPN Bet
2022-03-20,167953379,14665422.0,FanDuel
2022-03-20,1240084,95942.0,Resorts World Bet
2022-03-20,10950091,718167.0,Rush Street Interactive
2022-03-27,36354194,-432577.0,BetMGM
2022-03-27,1973837,193592.0,ESPN Bet
2022-03-27,133100095,9530287.0,FanDuel
2022-03-27,1108773,87231.0,Resorts World Bet
2022-03-27,8040398,-48365.0,Rush Street Interactive
2022-04-03,36879411,733061.0,BetMGM
2022-04-03,48873594,4254072.1749991,Caesars Sport Book
2022-04-03,72955408,5379577.99,DraftKings Sport Book
2022-04-03,2213955,217035.0,ESPN Bet
2022-04-03,135723818,3819999.0,FanDuel
2022-04-03,6453997,362590.48000000004,Fanatics
2022-04-03,844324,90715.0,Resorts World Bet
2022-04-03,8185567,324624.0,Rush Street Interactive
2022-04-10,36251500,1202925.0,BetMGM
2022-04-10,49359984,694637.0049999999,Caesars Sport Book
2022-04-10,83517552,2444566.6124460045,DraftKings Sport Book
2022-04-10,1889788,180857.0,ESPN Bet
2022-04-10,142036677,7956295.0,FanDuel
2022-04-10,12564239,-23149.979999999283,Fanatics
2022-04-10,938209,62973.0,Resorts World Bet
2022-04-10,9254761,413504.0,Rush Street Interactive
2022-04-17,31008404,1142063.0,BetMGM
2022-04-17,49871012,3354558.9924990362,Caesars Sport Book
2022-04-17,72108527,5785437.9899999965,DraftKings Sport Book
2022-04-17,2023914,92772.0,ESPN Bet
2022-04-17,131793069,22081850.0,FanDuel
2022-04-17,17768556,363904.7499999993,Fanatics
2022-04-17,1074522,160730.0,Resorts World Bet
2022-04-17,7544834,236575.0,Rush Street Interactive
2022-04-24,32460692,2399108.0,BetMGM
2022-04-24,54234036,3929039.7799998634,Caesars Sport Book
2022-04-24,78153044,7165122.400002996,DraftKings Sport Book
2022-04-24,2307443,127273.0,ESPN Bet
2022-04-24,145319117,21188729.0,FanDuel
2022-04-24,10475477,858914.8100000003,Fanatics
2022-04-24,1941078,47544.0,Resorts World Bet
2022-04-24,9798123,679843.0,Rush Street Interactive
2022-05-01,28380682,12682.0,BetMGM
2022-05-01,43967120,1361370.7374996813,Caesars Sport Book
2022-05-01,64602518,1422782.1700000055,DraftKings Sport Book
2022-05-01,2361702,61319.0,ESPN Bet
2022-05-01,135643300,9434226.0,FanDuel
2022-05-01,10378003,150478.27000000002,Fanatics
2022-05-01,1618418,53071.0,Resorts World Bet
2022-05-01,8231281,384558.0,Rush Street Interactive
2022-05-08,31325596,2384717.0,BetMGM
2022-05-08,52028639,4633806.736199625,Caesars Sport Book
2022-05-08,78871062,8743086.099999003,DraftKings Sport Book
2022-05-08,2386678,341316.0,ESPN Bet
2022-05-08,145144113,19370029.0,FanDuel
2022-05-08,12976974,711215.4400000009,Fanatics
2022-05-08,1454193,82724.0,Resorts World Bet
2022-05-08,7549694,736299.0,Rush Street Interactive
2022-05-15,30012838,2291245.0,BetMGM
2022-05-15,45379532,3090371.680750034,Caesars Sport Book
2022-05-15,71657120,6303400.920000999,DraftKings Sport Book
2022-05-15,2140267,151600.0,ESPN Bet
2022-05-15,120188666,17647801.0,FanDuel
2022-05-15,8442658,858703.8700000001,Fanatics
2022-05-15,1218091,27897.0,Resorts World Bet
2022-05-15,7177596,603015.0,Rush Street Interactive
2022-05-22,26076132,1402348.0,BetMGM
2022-05-22,40617910,2351657.428301473,Caesars Sport Book
2022-05-22,64150552,3696933.919999997,DraftKings Sport Book
2022-05-22,2128406,97587.0,ESPN Bet
2022-05-22,114113943,14738271.0,FanDuel
2022-05-22,5991542,756086.79,Fanatics
2022-05-22,1490378,155860.0,Resorts World Bet
2022-05-22,6583927,284689.0,Rush Street Interactive
2022-05-29,25580388,1502316.0,BetMGM
2022-05-29,38568006,1561717.4824999515,Caesars Sport Book
2022-05-29,71069185,1851455.58,DraftKings Sport Book
2022-05-29,2288059,117965.0,ESPN Bet
2022-05-29,121629980,8378829.0,FanDuel
2022-05-29,4122066,488172.36,Fanatics
2022-05-29,1661297,-103575.0,Resorts World Bet
2022-05-29,6965401,39570.0,Rush Street Interactive
2022-06-05,23599549,523774.0,BetMGM
2022-06-05,40573583,171656.61249952205,Caesars Sport Book
2022-06-05,74132661,2724351.809999001,DraftKings Sport Book
2022-06-05,1641457,59750.0,ESPN Bet
2022-06-05,117247862,6765992.0,FanDuel
2022-06-05,4263697,126608.53000000014,Fanatics
2022-06-05,1870469,-10804.0,Resorts World Bet
2022-06-05,7361039,407122.0,Rush Street Interactive
2022-06-12,22813479,2820667.0,BetMGM
2022-06-12,37099240,2969372.524999489,Caesars Sport Book
2022-06-12,65549965,6136252.979997002,DraftKings Sport Book
2022-06-12,1582547,177910.0,ESPN Bet
2022-06-12,109067611,8814679.0,FanDuel
2022-06-12,5134908,234819.56,Fanatics
2022-06-12,1526765,82296.0,Resorts World Bet
2022-06-12,5470900,483505.0,Rush Street Interactive
2022-06-19,21608494,351661.0,BetMGM
2022-06-19,38190994,-962042.8300005235,Caesars Sport Book
2022-06-19,65637854,1081359.300001002,DraftKings Sport Book
2022-06-19,1571145,-21807.0,ESPN Bet
2022-06-19,124900488,12364944.0,FanDuel
2022-06-19,5740853,773237.84,Fanatics
2022-06-19,1852165,-45052.0,Resorts World Bet
2022-06-19,6137745,329340.0,Rush Street Interactive
2022-06-26,19558938,1284962.0,BetMGM
2022-06-26,33064982,2249100.982,Caesars Sport Book
2022-06-26,52886518,3671514.6099970043,DraftKings Sport Book
2022-06-26,1589467,44548.0,ESPN Bet
2022-06-26,101537195,7845801.0,FanDuel
2022-06-26,3415137,414114.70999999996,Fanatics
2022-06-26,1566655,10817.0,Resorts World Bet
2022-06-26,5285712,323274.0,Rush Street Interactive
2022-07-03,18575471,2424671.0,BetMGM
2022-07-03,31266883,1822442.965000017,Caesars Sport Book
2022-07-03,55941060,4413864.509997002,DraftKings Sport Book
2022-07-03,1600411,179348.0,ESPN Bet
2022-07-03,93273267,10563382.0,FanDuel
2022-07-03,5213615,382477.4999999997,Fanatics
2022-07-03,1107660,38323.0,Resorts World Bet
2022-07-03,5818167,407200.0,Rush Street Interactive
2022-07-10,67941,17052.0,Bally Bet
2022-07-10,15842161,2166746.0,BetMGM
2022-07-10,30542769,3596757.5372491437,Caesars Sport Book
2022-07-10,52140153,6109324.74,DraftKings Sport Book
2022-07-10,1274514,144684.0,ESPN Bet
2022-07-10,80221826,13778040.0,FanDuel
2022-07-10,4105061,624792.52,Fanatics
2022-07-10,1013183,85476.0,Resorts World Bet
2022-07-10,4970685,511425.0,Rush Street Interactive
2022-07-17,243438,-19142.0,Bally Bet
2022-07-17,16245525,512968.0,BetMGM
2022-07-17,27881922,547043.032999928,Caesars Sport Book
2022-07-17,52136237,1230602.9399999995,DraftKings Sport Book
2022-07-17,1480489,22899.0,ESPN Bet
2022-07-17,76515688,3351564.0,FanDuel
2022-07-17,3793189,235403.25,Fanatics
2022-07-17,1078076,82326.0,Resorts World Bet
2022-07-17,4493101,252226.0,Rush Street Interactive
2022-07-24,124825,32050.0,Bally Bet
2022-07-24,15747566,1375803.0,BetMGM
2022-07-24,20387153,2219462.464000017,Caesars Sport Book
2022-07-24,38178600,3595500.080003,DraftKings Sport Book
2022-07-24,1131807,61311.0,ESPN Bet
2022-07-24,67282970,4480761.0,FanDuel
2022-07-24,2282007,305517.0499999999,Fanatics
2022-07-24,991052,76431.0,Resorts World Bet
2022-07-24,3590542,155316.0,Rush Street Interactive
2022-07-31,204194,10119.0,Bally Bet
2022-07-31,17200617,1617266.0,BetMGM
2022-07-31,24955129,1645226.974499628,Caesars Sport Book
2022-07-31,44240502,4884212.419989003,DraftKings Sport Book
2022-07-31,1508158,122183.0,ESPN Bet
2022-07-31,79877586,13018291.0,FanDuel
2022-07-31,4120319,455250.01,Fanatics
2022-07-31,1165575,33799.0,Resorts World Bet
2022-07-31,4504710,254755.0,Rush Street Interactive
2022-08-07,213787,8121.0,Bally Bet
2022-08-07,15683859,1732043.0,BetMGM
2022-08-07,27835617,2593044.5362495133,Caesars Sport Book
2022-08-07,54770124,5385181.680000001,DraftKings Sport Book
2022-08-07,1475362,134629.0,ESPN Bet
2022-08-07,84143469,9853197.0,FanDuel
2022-08-07,4100643,766203.0499999998,Fanatics
2022-08-07,1037579,30019.0,Resorts World Bet
2022-08-07,4734020,398300.0,Rush Street Interactive
2022-08-14,217709,9700.0,Bally Bet
2022-08-14,16421831,1919407.0,BetMGM
2022-08-14,26364363,2651787.9164165524,Caesars Sport Book
2022-08-14,57188045,4940632.729998,DraftKings Sport Book
2022-08-14,1496822,59340.0,ESPN Bet
2022-08-14,82615717,10494947.0,FanDuel
2022-08-14,6154080,551450.1099999999,Fanatics
2022-08-14,842539,100855.0,Resorts World Bet
2022-08-14,5697548,354024.0,Rush Street Interactive
2022-08-21,262041,30290.0,Bally Bet
2022-08-21,17053197,2098682.0,BetMGM
2022-08-21,26880134,2991495.3837499903,Caesars Sport Book
2022-08-21,55271472,6582689.069999998,DraftKings Sport Book
2022-08-21,1618153,22603.0,ESPN Bet
2022-08-21,85456333,12043780.0,FanDuel
2022-08-21,5655393,-53650.420000000275,Fanatics
2022-08-21,1098300,106512.0,Resorts World Bet
2022-08-21,6804171,544985.0,Rush Street Interactive
2022-08-28,195045,35918.0,Bally Bet
2022-08-28,17061254,1797855.0,BetMGM
2022-08-28,26343973,2913338.6887499737,Caesars Sport Book
2022-08-28,53776211,4500970.3199849995,DraftKings Sport Book
2022-08-28,1501890,113337.0,ESPN Bet
2022-08-28,83722084,8815078.0,FanDuel
2022-08-28,4535997,928657.3599999999,Fanatics
2022-08-28,1043806,62572.0,Resorts World Bet
2022-08-28,6308365,410633.0,Rush Street Interactive
2022-09-04,369663,34601.0,Bally Bet
2022-09-04,18654354,1964917.0,BetMGM
2022-09-04,29087256,2945606.265500008,Caesars Sport Book
2022-09-04,70506262,8305277.179994996,DraftKings Sport Book
2022-09-04,2016652,143688.0,ESPN Bet
2022-09-04,106812939,13116113.0,FanDuel
2022-09-04,7403422,333251.9500000001,Fanatics
2022-09-04,1082111,83316.0,Resorts World Bet
2022-09-04,7102140,577244.0,Rush Street Interactive
2022-09-11,232564,31216.0,Bally Bet
2022-09-11,23809780,1550719.0,BetMGM
2022-09-11,43078902,4315489.52894873,Caesars Sport Book
2022-09-11,116992927,8088272.079813999,DraftKings Sport Book
2022-09-11,2254457,198976.0,ESPN Bet
2022-09-11,128713122,17152225.0,FanDuel
2022-09-11,4878765,627627.0099999997,Fanatics
2022-09-11,1410191,-40359.0,Resorts World Bet
2022-09-11,8610345,642761.0,Rush Street Interactive
2022-09-18,334446,5406.0,Bally Bet
2022-09-18,23493933,2177019.0,BetMGM
2022-09-18,40984922,5308709.572246805,Caesars Sport Book
2022-09-18,104990543,13383944.879994005,DraftKings Sport Book
2022-09-18,2146545,116492.0,ESPN Bet
2022-09-18,109242866,17633489.0,FanDuel
2022-09-18,5696092,465737.6299999998,Fanatics
2022-09-18,2015368,58618.0,Resorts World Bet
2022-09-18,7765053,613409.0,Rush Street Interactive
2022-09-25,225523,7916.0,Bally Bet
2022-09-25,23865591,1998159.0,BetMGM
2022-09-25,39429501,3818314.4054973205,Caesars Sport Book
2022-09-25,97694658,10040540.320000008,DraftKings Sport Book
2022-09-25,2311111,-35584.0,ESPN Bet
2022-09-25,122029798,13318008.0,FanDuel
2022-09-25,5834410,17570.129999999946,Fanatics
2022-09-25,1451905,217419.0,Resorts World Bet
2022-09-25,8797193,454252.0,Rush Street Interactive
2022-10-02,450100,20779.0,Bally Bet
2022-10-02,21606606,1787674.0,BetMGM
2022-10-02,40406056,852994.277998325,Caesars Sport Book
2022-10-02,111447099,4423551.089999997,DraftKings Sport Book
2022-10-02,2127661,129234.0,ESPN Bet
2022-10-02,127854601,10407553.0,FanDuel
2022-10-02,7085016,189201.3500000001,Fanatics
2022-10-02,1351514,45652.0,Resorts World Bet
2022-10-02,10112119,32266.0,Rush Street Interactive
2022-10-09,368045,16562.0,Bally Bet
2022-10-09,21062818,2604708.0,BetMGM
2022-10-09,41863201,5304036.320747592,Caesars Sport Book
2022-10-09,110889390,14012921.649910003,DraftKings Sport Book
2022-10-09,1847685,141148.0,ESPN Bet
2022-10-09,123884383,19501394.0,FanDuel
2022-10-09,9200007,395194.8700000006,Fanatics
2022-10-09,1389540,140435.0,Resorts World Bet
2022-10-09,8781480,857328.0,Rush Street Interactive
2022-10-16,287278,-15449.0,Bally Bet
2022-10-16,22251483,1950476.0,BetMGM
2022-10-16,39938492,3321993.391247302,Caesars Sport Book
2022-10-16,114322412,10172498.729990005,DraftKings Sport Book
2022-10-16,1919436,71788.0,ESPN Bet
2022-10-16,126603133,20231312.0,FanDuel
2022-10-16,7816243,738856.1499999997,Fanatics
2022-10-16,1447348,87526.0,Resorts World Bet
2022-10-16,8418538,690995.0,Rush Street Interactive
2022-10-23,297235,-881.0,Bally Bet
2022-10-23,24787892,1828807.0,BetMGM
2022-10-23,45944387,3835624.4129982553,Caesars Sport Book
2022-10-23,126849569,10841852.040153004,DraftKings Sport Book
2022-10-23,2092544,156846.0,ESPN Bet
2022-10-23,145517907,15213894.0,FanDuel
2022-10-23,9066736,905904.32,Fanatics
2022-10-23,1470309,180778.0,Resorts World Bet
2022-10-23,9649696,633600.0,Rush Street Interactive
2022-10-30,276662,21920.0,Bally Bet
2022-10-30,26126280,1688576.0,BetMGM
2022-10-30,43011142,4499153.25849844,Caesars Sport Book
2022-10-30,113578924,8766468.880082,DraftKings Sport Book
2022-10-30,2015385,389437.0,ESPN Bet
2022-10-30,140652404,17982660.0,FanDuel
2022-10-30,8714303,292942.31,Fanatics
2022-10-30,1824698,34476.0,Resorts World Bet
2022-10-30,9133743,252816.0,Rush Street Interactive
2022-11-06,233379,29236.0,Bally Bet
2022-11-06,25560655,2268966.0,BetMGM
2022-11-06,44143743,4174846.192249,Caesars Sport Book
2022-11-06,118052648,11425595.339935,DraftKings Sport Book
2022-11-06,2031407,142272.0,ESPN Bet
2022-11-06,142484157,19938736.0,FanDuel
2022-11-06,9689178,787420.19,Fanatics
2022-11-06,1143299,-161414.0,Resorts World Bet
2022-11-06,9958360,1006308.0,Rush Street Interactive
2022-11-13,183012,-5518.0,Bally Bet
2022-11-13,24669126,1799948.0,BetMGM
2022-11-13,43716729,3154889.03699904,Caesars Sport Book
2022-11-13,111109051,7944656.830079,DraftKings Sport Book
2022-11-13,2058045,435.0,ESPN Bet
2022-11-13,140138146,17345960.0,FanDuel
2022-11-13,8875037,496254.6200000001,Fanatics
2022-11-13,1439987,48267.0,Resorts World Bet
2022-11-13,7728115,485492.0,Rush Street Interactive
2022-11-20,122994,15078.0,Bally Bet
2022-11-20,24431629,1385927.0,BetMGM
2022-11-20,44409637,4812668.743749427,Caesars Sport Book
2022-11-20,108536966,11870971.719985003,DraftKings Sport Book
2022-11-20,3343646,-65021.0,ESPN Bet
2022-11-20,144209843,21961070.0,FanDuel
2022-11-20,9078102,697391.62,Fanatics
2022-11-20,1187473,122016.0,Resorts World Bet
2022-11-20,8202700,470829.0,Rush Street Interactive
2022-11-27,121257,2895.0,Bally Bet
2022-11-27,29870835,2560198.0,BetMGM
2022-11-27,56145471,2803348.44699991,Caesars Sport Book
2022-11-27,135120849,11228829.529913,DraftKings Sport Book
2022-11-27,3422825,-28375.0,ESPN Bet
2022-11-27,181216921,17220944.0,FanDuel
2022-11-27,11292600,256334.0900000009,Fanatics
2022-11-27,1337736,118894.0,Resorts World Bet
2022-11-27,10732805,477680.0,Rush Street Interactive
2022-12-04,115044,11336.0,Bally Bet
2022-12-04,26350269,1316536.0,BetMGM
2022-12-04,50676211,2454583.26149905,Caesars Sport Book
2022-12-04,124808357,8417204.57999801,DraftKings Sport Book
2022-12-04,2289797,122494.0,ESPN Bet
2022-12-04,151714670,19035763.0,FanDuel
2022-12-04,7840265,323272.9299999997,Fanatics
2022-12-04,1350802,31910.0,Resorts World Bet
2022-12-04,10586754,96239.0,Rush Street Interactive
2022-12-11,154827,14051.0,Bally Bet
2022-12-11,23735924,2923858.0,BetMGM
2022-12-11,45393726,5831525.735249643,Caesars Sport Book
2022-12-11,110262991,13289753.349966994,DraftKings Sport Book
2022-12-11,2241135,49172.0,ESPN Bet
2022-12-11,141063485,20787305.0,FanDuel
2022-12-11,8649868,651134.5299999999,Fanatics
2022-12-11,1269111,179088.0,Resorts World Bet
2022-12-11,9806668,768731.0,Rush Street Interactive
2022-12-18,155403,3914.880000000001,Bally Bet
2022-12-18,27030099,1365336.0,BetMGM
2022-12-18,45593400,1509761.571,Caesars Sport Book
2022-12-18,120798094,2955042.769988,DraftKings Sport Book
2022-12-18,2278496,99434.0,ESPN Bet
2022-12-18,143741376,3994316.0,FanDuel
2022-12-18,9016654,-242416.93,Fanatics
2022-12-18,1371764,-7897.0,Resorts World Bet
2022-12-18,9584101,310696.0,Rush Street Interactive
2022-12-25,190673,-547.0,Bally Bet
2022-12-25,27182805,2410809.0,BetMGM
2022-12-25,45812402,3510595.021499941,Caesars Sport Book
2022-12-25,106618740,10950053.889991999,DraftKings Sport Book
2022-12-25,1749119,90869.0,ESPN Bet
2022-12-25,151416609,19546515.0,FanDuel
2022-12-25,10431059,670395.4600000005,Fanatics
2022-12-25,962391,26209.0,Resorts World Bet
2022-12-25,8242151,597114.0,Rush Street Interactive
2023-01-01,193597,5188.0,Bally Bet
2023-01-01,26966613,1226087.0,BetMGM
2023-01-01,52983702,2683230.1200004322,Caesars Sport Book
2023-01-01,126510190,7093231.710101005,DraftKings Sport Book
2023-01-01,2187065,-72623.0,ESPN Bet
2023-01-01,160249037,12412468.0,FanDuel
2023-01-01,29852301,150057.0400000012,Fanatics
2023-01-01,1380134,85174.0,Resorts World Bet
2023-01-01,10494789,342416.0,Rush Street Interactive
2023-01-08,191143,7245.0,Bally Bet
2023-01-08,27567186,1158286.0,BetMGM
2023-01-08,51689066,1670891.7145000314,Caesars Sport Book
2023-01-08,142489697,10322868.824546006,DraftKings Sport Book
2023-01-08,2341148,128186.0,ESPN Bet
2023-01-08,158423854,15613884.0,FanDuel
2023-01-08,7697026,604286.0000000001,Fanatics
2023-01-08,1095762,137943.0,Resorts World Bet
2023-01-08,9711322,277861.0,Rush Street Interactive
2023-01-15,200756,-705.0,Bally Bet
2023-01-15,28130585,1513163.0,BetMGM
2023-01-15,52394506,2958423.022500002,Caesars Sport Book
2023-01-15,139933843,3862914.1955219936,DraftKings Sport Book
2023-01-15,2055369,115474.0,ESPN Bet
2023-01-15,171986296,18643519.0,FanDuel
2023-01-15,16514497,452443.03,Fanatics
2023-01-15,944151,42674.0,Resorts World Bet
2023-01-15,10842574,425647.0,Rush Street Interactive
2023-01-22,237186,54925.0,Bally Bet
2023-01-22,32475913,2388713.0,BetMGM
2023-01-22,57527200,6077120.055000186,Caesars Sport Book
2023-01-22,152365141,20241156.509990014,DraftKings Sport Book
2023-01-22,2906151,107705.0,ESPN Bet
2023-01-22,182396200,26569171.0,FanDuel
2023-01-22,10363776,917544.2700000004,Fanatics
2023-01-22,1529606,-38553.0,Resorts World Bet
2023-01-22,10933936,1141395.0,Rush Street Interactive
2023-01-29,246255,29946.0,Bally Bet
2023-01-29,24174330,2463714.0,BetMGM
2023-01-29,43001354,3972230.815000552,Caesars Sport Book
2023-01-29,108680269,6682020.750136004,DraftKings Sport Book
2023-01-29,2249093,2957.0,ESPN Bet
2023-01-29,146790118,13485652.0,FanDuel
2023-01-29,6889375,227958.68000000005,Fanatics
2023-01-29,1143539,115455.0,Resorts World Bet
2023-01-29,11670882,345593.0,Rush Street Interactive
2023-02-05,183863,18981.0,Bally Bet
2023-02-05,25285411,1891878.0,BetMGM
2023-02-05,40430549,4618739.012500155,Caesars Sport Book
2023-02-05,108654046,11906126.200000001,DraftKings Sport Book
2023-02-05,2353207,168129.0,ESPN Bet
2023-02-05,135952024,20199470.0,FanDuel
2023-02-05,7357251,979284.3700000001,Fanatics
2023-02-05,1930222,146166.0,Resorts World Bet
2023-02-05,9152396,1226223.0,Rush Street Interactive
2023-02-12,185750,15044.0,Bally Bet
2023-02-12,28481438,803206.0,BetMGM
2023-02-12,58862751,-1315651.30250056,Caesars Sport Book
2023-02-12,150393366,2907775.799999999,DraftKings Sport Book
2023-02-12,2689832,140028.0,ESPN Bet
2023-02-12,165395490,9206199.0,FanDuel
2023-02-12,7951616,246945.0800000002,Fanatics
2023-02-12,1379022,61968.0,Resorts World Bet
2023-02-12,8964976,-61909.0,Rush Street Interactive
2023-02-19,262634,25235.0,Bally Bet
2023-02-19,26281752,1967618.0,BetMGM
2023-02-19,44587152,1400239.1649997318,Caesars Sport Book
2023-02-19,110789177,7408351.679980006,DraftKings Sport Book
2023-02-19,2785155,127830.0,ESPN Bet
2023-02-19,137035273,11318766.0,FanDuel
2023-02-19,7264693,98565.25000000023,Fanatics
2023-02-19,1002542,105662.0,Resorts World Bet
2023-02-19,9558874,582200.0,Rush Street Interactive
2023-02-26,434487,-16366.0,Bally Bet
2023-02-26,25748443,2414424.0,BetMGM
2023-02-26,46008271,2980326.239999966,Caesars Sport Book
2023-02-26,115036867,9820645.330010995,DraftKings Sport Book
2023-02-26,2397834,145383.0,ESPN Bet
2023-02-26,146476691,11738181.0,FanDuel
2023-02-26,7313253,574446.93,Fanatics
2023-02-26,1153565,109840.0,Resorts World Bet
2023-02-26,9275588,635660.0,Rush Street Interactive
2023-03-05,698667,-10934.0,Bally Bet
2023-03-05,26844547,2394477.0,BetMGM
2023-03-05,55786532,2984042.0549999587,Caesars Sport Book
2023-03-05,137411093,10362130.150003998,DraftKings Sport Book
2023-03-05,2392716,88287.0,ESPN Bet
2023-03-05,169289508,8817212.0,FanDuel
2023-03-05,6774760,405363.28000000026,Fanatics
2023-03-05,999561,77925.0,Resorts World Bet
2023-03-05,10587341,719695.0,Rush Street Interactive
2023-03-12,838391,134410.0,Bally Bet
2023-03-12,27012310,2581871.0,BetMGM
2023-03-12,58964547,3890522.0,Caesars Sport Book
2023-03-12,147797074,11707425.0,DraftKings Sport Book
2023-03-12,2694672,274765.0,ESPN Bet
2023-03-12,185049831,20864775.0,FanDuel
2023-03-12,7136403,236705.0,Fanatics
2023-03-12,1370197,13740.0,Resorts World Bet
2023-03-12,11830920,691898.0,Rush Street Interactive
2023-03-19,636909,7764.0,Bally Bet
2023-03-19,29866380,2513685.0,BetMGM
2023-03-19,63096350,2848089.0,Caesars Sport Book
2023-03-19,154079898,12522085.0,DraftKings Sport Book
2023-03-19,3058486,54867.0,ESPN Bet
2023-03-19,188336202,19502132.0,FanDuel
2023-03-19,7789908,467004.0,Fanatics
2023-03-19,1550107,99465.0,Resorts World Bet
2023-03-19,11568309,1169148.0,Rush Street Interactive
2023-03-26,691370,13932.0,Bally Bet
2023-03-26,24507583,1880917.0,BetMGM
2023-03-26,46138033,3771021.769699989,Caesars Sport Book
2023-03-26,116267096,12199920.559888,DraftKings Sport Book
2023-03-26,1923099,49620.0,ESPN Bet
2023-03-26,155675750,24452581.0,FanDuel
2023-03-26,5334340,543429.32,Fanatics
2023-03-26,781640,108517.0,Resorts World Bet
2023-03-26,11340422,744965.0,Rush Street Interactive
2023-04-02,465230,5398.0,Bally Bet
2023-04-02,42808123,-1840577.0,BetMGM
2023-04-02,40118415,3908770.934900136,Caesars Sport Book
2023-04-02,105947507,9339014.070003,DraftKings Sport Book
2023-04-02,1587358,143184.0,ESPN Bet
2023-04-02,130717990,14705432.0,FanDuel
2023-04-02,6093964,254570.62000000046,Fanatics
2023-04-02,1056125,91566.0,Resorts World Bet
2023-04-02,11079332,662211.0,Rush Street Interactive
2023-04-09,408766,13651.0,Bally Bet
2023-04-09,32072978,3051842.0,BetMGM
2023-04-09,41184343,-178678.98179960996,Caesars Sport Book
2023-04-09,106382424,2910417.9200089946,DraftKings Sport Book
2023-04-09,1920223,-26862.0,ESPN Bet
2023-04-09,142555048,6888870.0,FanDuel
2023-04-09,5085662,418767.57000000007,Fanatics
2023-04-09,1131110,-52834.0,Resorts World Bet
2023-04-09,12547655,-1031811.0,Rush Street Interactive
2023-04-16,375017,51350.0,Bally Bet
2023-04-16,21414251,2718046.0,BetMGM
2023-04-16,40885996,3623335.830500318,Caesars Sport Book
2023-04-16,101986660,14234079.280011997,DraftKings Sport Book
2023-04-16,2111624,60753.0,ESPN Bet
2023-04-16,136293264,22130966.0,FanDuel
2023-04-16,3906318,500995.80000000016,Fanatics
2023-04-16,1784489,-107819.0,Resorts World Bet
2023-04-16,12612145,37778.0,Rush Street Interactive
2023-04-23,739544,-29336.0,Bally Bet
2023-04-23,24852117,1936695.0,BetMGM
2023-04-23,47138315,4923896.69720022,Caesars Sport Book
2023-04-23,129272340,15871384.059999,DraftKings Sport Book
2023-04-23,2540497,283953.0,ESPN Bet
2023-04-23,150385975,20737048.0,FanDuel
2023-04-23,4530298,324317.7399999999,Fanatics
2023-04-23,3478769,125172.0,Resorts World Bet
2023-04-23,10200636,865192.0,Rush Street Interactive
2023-04-30,614307,33316.0,Bally Bet
2023-04-30,25593537,2309936.0,BetMGM
2023-04-30,41769265,3722143.980000067,Caesars Sport Book
2023-04-30,137194301,12198885.990000002,DraftKings Sport Book
2023-04-30,2606844,172083.0,ESPN Bet
2023-04-30,150773362,18048462.0,FanDuel
2023-04-30,4546125,414262.7799999999,Fanatics
2023-04-30,1166787,90121.0,Resorts World Bet
2023-04-30,9925698,850272.0,Rush Street Interactive
2023-05-07,589411,31300.0,Bally Bet
2023-05-07,25439147,3275864.0,BetMGM
2023-05-07,39665810,4028118.7900004373,Caesars Sport Book
2023-05-07,122462276,16529177.640000006,DraftKings Sport Book
2023-05-07,2150371,197132.0,ESPN Bet
2023-05-07,137726029,22291942.0,FanDuel
2023-05-07,4066991,398713.90000000014,Fanatics
2023-05-07,1349457,164638.0,Resorts World Bet
2023-05-07,8863433,1024609.0,Rush Street Interactive
2023-05-14,536593,40401.0,Bally Bet
2023-05-14,19367045,1642425.0,BetMGM
2023-05-14,39228258,3114717.022700353,Caesars Sport Book
2023-05-14,116457141,10104052.239990996,DraftKings Sport Book
2023-05-14,1819982,144324.0,ESPN Bet
2023-05-14,127689364,21443765.0,FanDuel
2023-05-14,4060839,-129555.31,Fanatics
2023-05-14,1011185,76034.0,Resorts World Bet
2023-05-14,8187202,604417.0,Rush Street Interactive
2023-05-21,410126,15215.0,Bally Bet
2023-05-21,21444742,957108.0,BetMGM
2023-05-21,37438212,2370463.755,Caesars Sport Book
2023-05-21,108288540,7072715.490009006,DraftKings Sport Book
2023-05-21,1675039,85225.0,ESPN Bet
2023-05-21,123958471,7377822.0,FanDuel
2023-05-21,4954054,301746.55,Fanatics
2023-05-21,932478,38913.0,Resorts World Bet
2023-05-21,8174442,693189.0,Rush Street Interactive
2023-05-28,499743,56188.0,Bally Bet
2023-05-28,17919392,2433181.0,BetMGM
2023-05-28,31839176,3634774.9825001196,Caesars Sport Book
2023-05-28,83825919,8978880.619986996,DraftKings Sport Book
2023-05-28,1500816,65296.0,ESPN Bet
2023-05-28,114257185,19761503.0,FanDuel
2023-05-28,4211415,471473.3,Fanatics
2023-05-28,681900,103788.0,Resorts World Bet
2023-05-28,7258564,458671.0,Rush Street Interactive
2023-06-04,430263,36565.0,Bally Bet
2023-06-04,23190460,1568164.0,BetMGM
2023-06-04,34648109,2273808.9500000784,Caesars Sport Book
2023-06-04,105035625,8342360.440011002,DraftKings Sport Book
2023-06-04,1569289,-64794.0,ESPN Bet
2023-06-04,121058159,12103409.0,FanDuel
2023-06-04,4216257,244747.60999999987,Fanatics
2023-06-04,792947,45760.0,Resorts World Bet
2023-06-04,8958249,735570.0,Rush Street Interactive
2023-06-11,294842,41248.0,Bally Bet
2023-06-11,16444113,1496011.0,BetMGM
2023-06-11,32060228,2377535.4500000873,Caesars Sport Book
2023-06-11,131126204,9140410.869991006,DraftKings Sport Book
2023-06-11,1471039,105889.0,ESPN Bet
2023-06-11,104812560,12275121.0,FanDuel
2023-06-11,4261337,238842.69999999984,Fanatics
2023-06-11,861588,93106.0,Resorts World Bet
2023-06-11,7368109,295485.0,Rush Street Interactive
2023-06-18,235008,20784.0,Bally Bet
2023-06-18,17303311,1319326.0,BetMGM
2023-06-18,28258544,693982.9774999716,Caesars Sport Book
2023-06-18,117335508,12350824.420015,DraftKings Sport Book
2023-06-18,1686527,68011.0,ESPN Bet
2023-06-18,102230517,11788055.0,FanDuel
2023-06-18,3328152,297669.07999999996,Fanatics
2023-06-18,935221,93751.0,Resorts World Bet
2023-06-18,6689154,557758.0,Rush Street Interactive
2023-06-25,123980,297.0,Bally Bet
2023-06-25,16317697,1317009.0,BetMGM
2023-06-25,26211658,2059859.6824000073,Caesars Sport Book
2023-06-25,124483515,4114990.759999994,DraftKings Sport Book
2023-06-25,1803034,119275.0,ESPN Bet
2023-06-25,86807274,8180147.0,FanDuel
2023-06-25,3478830,143405.89,Fanatics
2023-06-25,916673,-21871.0,Resorts World Bet
2023-06-25,7433031,406555.0,Rush Street Interactive
2023-07-02,16379963,1968327.0,BetMGM
2023-07-02,26694722,2580705.1412998512,Caesars Sport Book
2023-07-02,73832881,8482581.699999997,DraftKings Sport Book
2023-07-02,1605289,229726.0,ESPN Bet
2023-07-02,88096632,11829532.0,FanDuel
2023-07-02,3027103,320868.87,Fanatics
2023-07-02,1082433,9542.0,Resorts World Bet
2023-07-02,7544536,547982.0,Rush Street Interactive
2023-07-09,17933953,1126184.0,BetMGM
2023-07-09,28672081,2108049.1933999546,Caesars Sport Book
2023-07-09,81832097,7822683.420010997,DraftKings Sport Book
2023-07-09,1789439,112369.0,ESPN Bet
2023-07-09,94677864,10700410.0,FanDuel
2023-07-09,3298392,225622.03999999986,Fanatics
2023-07-09,913211,75049.0,Resorts World Bet
2023-07-09,8907716,604689.0,Rush Street Interactive
2023-07-16,11002799,1324979.0,BetMGM
2023-07-16,18758930,1577387.5564000616,Caesars Sport Book
2023-07-16,56988162,5785426.990011001,DraftKings Sport Book
2023-07-16,1145108,73161.0,ESPN Bet
2023-07-16,63993246,7631999.0,FanDuel
2023-07-16,2447762,267583.3400000001,Fanatics
2023-07-16,1011983,38842.0,Resorts World Bet
2023-07-16,6610759,687991.0,Rush Street Interactive
2023-07-23,13539560,1855155.0,BetMGM
2023-07-23,25374677,3018261.633700108,Caesars Sport Book
2023-07-23,71877705,7413455.239999999,DraftKings Sport Book
2023-07-23,1429420,126657.0,ESPN Bet
2023-07-23,92606695,11652208.0,FanDuel
2023-07-23,3440780,332643.1299999999,Fanatics
2023-07-23,1100329,164105.0,Resorts World Bet
2023-07-23,8474421,774869.0,Rush Street Interactive
2023-07-30,16107231,1849070.0,BetMGM
2023-07-30,26469020,2548415.1507999017,Caesars Sport Book
2023-07-30,94513120,13386355.639974993,DraftKings Sport Book
2023-07-30,1663139,137296.0,ESPN Bet
2023-07-30,95211825,4895157.0,FanDuel
2023-07-30,3796714,330398.72,Fanatics
2023-07-30,814398,178687.0,Resorts World Bet
2023-07-30,7909919,877430.0,Rush Street Interactive
2023-08-06,14032744,1885558.0,BetMGM
2023-08-06,28704798,2988916.8699998376,Caesars Sport Book
2023-08-06,161404050,25241171.159994993,DraftKings Sport Book
2023-08-06,1903463,169407.0,ESPN Bet
2023-08-06,99252423,12233869.0,FanDuel
2023-08-06,3524375,401755.54999999993,Fanatics
2023-08-06,751087,112984.0,Resorts World Bet
2023-08-06,7931548,492381.0,Rush Street Interactive
2023-08-13,19153981,1220813.0,BetMGM
2023-08-13,26456740,2006176.1125000897,Caesars Sport Book
2023-08-13,75899226,6842240.719999997,DraftKings Sport Book
2023-08-13,1967541,59377.0,ESPN Bet
2023-08-13,87431663,10484782.0,FanDuel
2023-08-13,3582225,120837.42000000016,Fanatics
2023-08-13,874015,75562.0,Resorts World Bet
2023-08-13,8388101,518069.0,Rush Street Interactive
2023-08-20,16051072,1642240.0,BetMGM
2023-08-20,25936788,2296975.858099953,Caesars Sport Book
2023-08-20,89309325,7284082.799976999,DraftKings Sport Book
2023-08-20,1943771,237608.0,ESPN Bet
2023-08-20,87679654,8908151.0,FanDuel
2023-08-20,3286293,271700.4600000002,Fanatics
2023-08-20,947288,12590.0,Resorts World Bet
2023-08-20,8541999,917719.0,Rush Street Interactive
2023-08-27,14759662,1293389.0,BetMGM
2023-08-27,24814211,1642221.8800000013,Caesars Sport Book
2023-08-27,75101837,7437828.7100100005,DraftKings Sport Book
2023-08-27,1867685,266416.0,ESPN Bet
2023-08-27,83732551,9868053.0,FanDuel
2023-08-27,3949593,35830.330000000016,Fanatics
2023-08-27,741527,88427.0,Resorts World Bet
2023-08-27,7232270,794849.0,Rush Street Interactive
2023-09-03,18515622,1674000.0,BetMGM
2023-09-03,36253698,1538928.4104021988,Caesars Sport Book
2023-09-03,116356211,-3424943.519993007,DraftKings Sport Book
2023-09-03,2123677,-36727.0,ESPN Bet
2023-09-03,122242389,7289351.0,FanDuel
2023-09-03,5674554,237634.27999999968,Fanatics
2023-09-03,1529005,110110.0,Resorts World Bet
2023-09-03,10076990,915055.0,Rush Street Interactive
2023-09-10,22081258,2260646.0,BetMGM
2023-09-10,40920453,4361005.373000002,Caesars Sport Book
2023-09-10,138850833,16446089.530006003,DraftKings Sport Book
2023-09-10,2510881,-221081.0,ESPN Bet
2023-09-10,195516143,32331054.0,FanDuel
2023-09-10,5281529,495387.1699999995,Fanatics
2023-09-10,1287280,20101.0,Resorts World Bet
2023-09-10,9614204,934546.0,Rush Street Interactive
2023-09-17,23725291,1296746.0,BetMGM
2023-09-17,38859834,1864731.4262999971,Caesars Sport Book
2023-09-17,179671331,12907889.629999,DraftKings Sport Book
2023-09-17,2511241,203652.0,ESPN Bet
2023-09-17,138978859,10932231.0,FanDuel
2023-09-17,5261249,101742.31000000017,Fanatics
2023-09-17,1315931,91427.0,Resorts World Bet
2023-09-17,10198125,1030667.0,Rush Street Interactive
2023-09-24,26244993,2112700.0,BetMGM
2023-09-24,43390939,3120817.102896617,Caesars Sport Book
2023-09-24,176013274,13926794.480005005,DraftKings Sport Book
2023-09-24,2515017,171647.0,ESPN Bet
2023-09-24,160145890,14787845.0,FanDuel
2023-09-24,6403791,551811.95,Fanatics
2023-09-24,2087311,62314.0,Resorts World Bet
2023-09-24,11540691,1184812.0,Rush Street Interactive
2023-10-01,24250721,710365.0,BetMGM
2023-10-01,42643119,89699.23599952739,Caesars Sport Book
2023-10-01,196107171,10357549.160041,DraftKings Sport Book
2023-10-01,2862482,6423.0,ESPN Bet
2023-10-01,176812907,15921095.0,FanDuel
2023-10-01,6004845,298683.81000000023,Fanatics
2023-10-01,1900427,-32434.0,Resorts World Bet
2023-10-01,18222042,-505562.0,Rush Street Interactive
2023-10-08,23621732,1488464.0,BetMGM
2023-10-08,40903886,2584992.635499567,Caesars Sport Book
2023-10-08,140058063,12639646.449952997,DraftKings Sport Book
2023-10-08,2733987,176552.0,ESPN Bet
2023-10-08,160627538,12077943.0,FanDuel
2023-10-08,6155161,304759.30999999965,Fanatics
2023-10-08,1934663,327496.0,Resorts World Bet
2023-10-08,17498546,1320360.0,Rush Street Interactive
2023-10-15,22310019,3117449.0,BetMGM
2023-10-15,42474081,4923947.265499944,Caesars Sport Book
2023-10-15,145949308,23033979.47992201,DraftKings Sport Book
2023-10-15,2409323,142428.0,ESPN Bet
2023-10-15,159940580,29551595.0,FanDuel
2023-10-15,5500124,608337.5900000002,Fanatics
2023-10-15,1430567,281061.0,Resorts World Bet
2023-10-15,22705350,383836.0,Rush Street Interactive
2023-10-22,23984740,1699687.0,BetMGM
2023-10-22,41920547,3944972.0268000187,Caesars Sport Book
2023-10-22,146098018,15176014.089917013,DraftKings Sport Book
2023-10-22,3042626,-115097.0,ESPN Bet
2023-10-22,198714913,20512376.0,FanDuel
2023-10-22,6370729,469908.67000000004,Fanatics
2023-10-22,1710790,173228.0,Resorts World Bet
2023-10-22,42178179,-1640477.0,Rush Street Interactive
2023-10-29,25511102,1269449.0,BetMGM
2023-10-29,46929547,1297722.102099006,Caesars Sport Book
2023-10-29,147601738,8944622.980015999,DraftKings Sport Book
2023-10-29,2848460,123270.0,ESPN Bet
2023-10-29,274702725,13303138.0,FanDuel
2023-10-29,6455525,-120948.20999999973,Fanatics
2023-10-29,1808605,99883.0,Resorts World Bet
2023-10-29,21531902,3867755.0,Rush Street Interactive
2023-11-05,26557883,1979481.0,BetMGM
2023-11-05,46050322,2692128.6772981873,Caesars Sport Book
2023-11-05,159474875,10738373.70003001,DraftKings Sport Book
2023-11-05,2599111,90083.0,ESPN Bet
2023-11-05,215293001,20054129.0,FanDuel
2023-11-05,7262117,710792.8899999995,Fanatics
2023-11-05,2088613,183987.0,Resorts World Bet
2023-11-05,18835234,1336923.0,Rush Street Interactive
2023-11-12,27441125,2363002.0,BetMGM
2023-11-12,48256897,2840178.6434985036,Caesars Sport Book
2023-11-12,163762377,15286252.110028002,DraftKings Sport Book
2023-11-12,2231619,-88397.0,ESPN Bet
2023-11-12,189913032,21004401.0,FanDuel
2023-11-12,5861354,863409.6699999999,Fanatics
2023-11-12,1141767,226159.0,Resorts World Bet
2023-11-12,15464666,1437119.0,Rush Street Interactive
2023-11-19,1763483,53978.0,Bally Bet
2023-11-19,32081990,2249557.0,BetMGM
2023-11-19,46446667,4312778.74319816,Caesars Sport Book
2023-11-19,154116260,14213878.060023999,DraftKings Sport Book
2023-11-19,2859921,-166031.0,ESPN Bet
2023-11-19,262287815,18375419.0,FanDuel
2023-11-19,6366806,384832.9899999999,Fanatics
2023-11-19,1435869,146083.0,Resorts World Bet
2023-11-19,22108832,1098750.0,Rush Street Interactive
2023-11-26,1839380,85285.0,Bally Bet
2023-11-26,29448060,395877.0,BetMGM
2023-11-26,55037518,494509.6085986765,Caesars Sport Book
2023-11-26,186940463,7947564.8601190075,DraftKings Sport Book
2023-11-26,3105134,-74932.0,ESPN Bet
2023-11-26,214764211,11577607.0,FanDuel
2023-11-26,6437550,379213.33999999985,Fanatics
2023-11-26,1736289,-73703.0,Resorts World Bet
2023-11-26,17286784,771268.0,Rush Street Interactive
2023-12-03,1481723,144631.0,Bally Bet
2023-12-03,25076947,1964276.0,BetMGM
2023-12-03,45765735,2883643.636797949,Caesars Sport Book
2023-12-03,193588844,13492835.359998997,DraftKings Sport Book
2023-12-03,2303410,106710.0,ESPN Bet
2023-12-03,194664678,12297756.0,FanDuel
2023-12-03,5994221,328908.95,Fanatics
2023-12-03,1910599,103886.0,Resorts World Bet
2023-12-03,15938847,1107822.0,Rush Street Interactive
2023-12-10,1502990,123176.0,Bally Bet
2023-12-10,22909374,2883725.0,BetMGM
2023-12-10,41561613,4468776.913500292,Caesars Sport Book
2023-12-10,145764061,20157852.991197996,DraftKings Sport Book
2023-12-10,1880023,118108.0,ESPN Bet
2023-12-10,176893033,27102678.0,FanDuel
2023-12-10,6318014,828852.6300000002,Fanatics
2023-12-10,1720576,121951.0,Resorts World Bet
2023-12-10,11658314,1082780.0,Rush Street Interactive
2023-12-17,1326685,-691529.0,Bally Bet
2023-12-17,35634310,-162998.0,BetMGM
2023-12-17,43610089,3633705.1760997,Caesars Sport Book
2023-12-17,218089246,18122787.009990014,DraftKings Sport Book
2023-12-17,2048048,-204996.0,ESPN Bet
2023-12-17,183382886,19906575.0,FanDuel
2023-12-17,6198087,777169.2599999997,Fanatics
2023-12-17,2518394,95659.0,Resorts World Bet
2023-12-17,9394717,335746.0,Rush Street Interactive
2023-12-24,1198456,132926.0,Bally Bet
2023-12-24,26887305,2976704.0,BetMGM
2023-12-24,42945134,4388253.249999121,Caesars Sport Book
2023-12-24,149033319,11559701.549999993,DraftKings Sport Book
2023-12-24,1889153,-40308.0,ESPN Bet
2023-12-24,174667258,22008285.0,FanDuel
2023-12-24,6244151,475330.3000000003,Fanatics
2023-12-24,2197448,206717.0,Resorts World Bet
2023-12-24,10960290,812252.0,Rush Street Interactive
2023-12-31,1762332,133262.0,Bally Bet
2023-12-31,27466220,2198220.0,BetMGM
2023-12-31,47865391,2901274.7974998113,Caesars Sport Book
2023-12-31,167984156,13713750.910027992,DraftKings Sport Book
2023-12-31,2274751,-71177.0,ESPN Bet
2023-12-31,196898612,16669207.0,FanDuel
2023-12-31,6805054,461975.8600000001,Fanatics
2023-12-31,2926904,-44784.0,Resorts World Bet
2023-12-31,11704170,689995.0,Rush Street Interactive
2024-01-07,1290541,48854.0,Bally Bet
2024-01-07,29056305,1407332.0,BetMGM
2024-01-07,46954756,566512.7288998608,Caesars Sport Book
2024-01-07,155519440,9479616.759982005,DraftKings Sport Book
2024-01-07,2208949,82552.0,ESPN Bet
2024-01-07,194756020,19253220.0,FanDuel
2024-01-07,6627546,399077.63999999955,Fanatics
2024-01-07,1467673,71316.0,Resorts World Bet
2024-01-07,14019899,653340.0,Rush Street Interactive
2024-01-14,1593736,224413.0,Bally Bet
2024-01-14,26717836,2565757.0,BetMGM
2024-01-14,45841770,5387843.155499596,Caesars Sport Book
2024-01-14,150758871,23174791.444987,DraftKings Sport Book
2024-01-14,2100329,51099.0,ESPN Bet
2024-01-14,199951004,33383093.0,FanDuel
2024-01-14,6403591,959769.06,Fanatics
2024-01-14,1600241,321198.0,Resorts World Bet
2024-01-14,10697296,1185780.0,Rush Street Interactive
2024-01-21,2230584,35543.0,Bally Bet
2024-01-21,29789008,2220711.0,BetMGM
2024-01-21,51101184,2083623.1623999276,Caesars Sport Book
2024-01-21,166956108,15882885.169786997,DraftKings Sport Book
2024-01-21,1938617,49179.0,ESPN Bet
2024-01-21,216135339,25836353.0,FanDuel
2024-01-21,8512195,521965.85999999987,Fanatics
2024-01-21,1773932,169920.0,Resorts World Bet
2024-01-21,12300093,740620.0,Rush Street Interactive
2024-01-28,3115882,29325.0,Bally Bet
2024-01-28,24074481,2732666.0,BetMGM
2024-01-28,40504484,4041461.118299981,Caesars Sport Book
2024-01-28,143997840,14959313.919986,DraftKings Sport Book
2024-01-28,1784325,61375.0,ESPN Bet
2024-01-28,190453693,21376107.0,FanDuel
2024-01-28,7700207,434716.1699999997,Fanatics
2024-01-28,1450231,117815.0,Resorts World Bet
2024-01-28,9251297,605195.0,Rush Street Interactive
2024-02-04,2929485,199035.0,Bally Bet
2024-02-04,33098332,6674491.0,BetMGM
2024-02-04,36197655,3529593.5221998156,Caesars Sport Book
2024-02-04,126201055,14763991.389981,DraftKings Sport Book
2024-02-04,1943713,103748.0,ESPN Bet
2024-02-04,167360110,21326721.0,FanDuel
2024-02-04,6768250,812018.7300000001,Fanatics
2024-02-04,1660623,131193.0,Resorts World Bet
2024-02-04,10399319,680227.0,Rush Street Interactive
2024-02-11,2143075,202218.0,Bally Bet
2024-02-11,29936554,-9603349.0,BetMGM
2024-02-11,47308448,-1333177.3214000943,Caesars Sport Book
2024-02-11,167309534,7122688.749991007,DraftKings Sport Book
2024-02-11,1900782,-34203.0,ESPN Bet
2024-02-11,203893272,8167985.0,FanDuel
2024-02-11,7026298,253508.03999999992,Fanatics
2024-02-11,2859999,101026.0,Resorts World Bet
2024-02-11,12207295,179966.0,Rush Street Interactive
2024-02-18,2515757,168129.0,Bally Bet
2024-02-18,31080192,177326.0,BetMGM
2024-02-18,35231938,1281426.054299613,Caesars Sport Book
2024-02-18,155691619,17640045.20398099,DraftKings Sport Book
2024-02-18,1805865,67484.0,ESPN Bet
2024-02-18,161566516,17214129.0,FanDuel
2024-02-18,5901715,462535.20999999996,Fanatics
2024-02-18,1567030,104201.0,Resorts World Bet
2024-02-18,11444325,902354.0,Rush Street Interactive
2024-02-25,1952541,159199.0,Bally Bet
2024-02-25,30761860,3688581.0,BetMGM
2024-02-25,35269271,3668010.917499965,Caesars Sport Book
2024-02-25,130039009,15246623.479996001,DraftKings Sport Book
2024-02-25,1488554,103241.0,ESPN Bet
2024-02-25,157381180,21061839.0,FanDuel
2024-02-25,43853139,-8024564.740000004,Fanatics
2024-02-25,2119277,202274.0,Resorts World Bet
2024-02-25,11013931,1097047.0,Rush Street Interactive
2024-03-03,2464449,112516.0,Bally Bet
2024-03-03,27955211,1526526.0,BetMGM
2024-03-03,42816015,1908160.2592992648,Caesars Sport Book
2024-03-03,155205021,10543836.19,DraftKings Sport Book
2024-03-03,1526088,60077.0,ESPN Bet
2024-03-03,183961994,14794887.0,FanDuel
2024-03-03,27383438,10145283.55,Fanatics
2024-03-03,1655261,176217.0,Resorts World Bet
2024-03-03,13121114,831333.0,Rush Street Interactive
2024-03-10,1764992,-10720.0,Bally Bet
2024-03-10,31744125,2310712.0,BetMGM
2024-03-10,44053738,3335701.3991997065,Caesars Sport Book
2024-03-10,146538194,13050789.950002003,DraftKings Sport Book
2024-03-10,1317274,18698.0,ESPN Bet
2024-03-10,184786638,16459029.0,FanDuel
2024-03-10,11963872,812439.2999999998,Fanatics
2024-03-10,2240502,148006.0,Resorts World Bet
2024-03-10,12731321,841929.0,Rush Street Interactive
2024-03-17,2710160,127955.0,Bally Bet
2024-03-17,29954733,2175131.0,BetMGM
2024-03-17,48937214,3357052.5651994003,Caesars Sport Book
2024-03-17,147970777,11291572.069995992,DraftKings Sport Book
2024-03-17,596577,38337.0,ESPN Bet
2024-03-17,178863633,21297640.0,FanDuel
2024-03-17,13686152,1111706.5900000012,Fanatics
2024-03-17,2264287,192808.0,Resorts World Bet
2024-03-17,20290601,616199.0,Rush Street Interactive
2024-03-24,2415375,74746.0,Bally Bet
2024-03-24,30196250,1435859.0,BetMGM
2024-03-24,48170659,2919476.0502001,Caesars Sport Book
2024-03-24,174377326,10329996.72990501,DraftKings Sport Book
2024-03-24,567522,37601.0,ESPN Bet
2024-03-24,244835753,13967654.0,FanDuel
2024-03-24,18419491,1245736.5400000021,Fanatics
2024-03-24,2235105,200666.0,Resorts World Bet
2024-03-24,18394608,944749.0,Rush Street Interactive
2024-03-31,2220631,180669.0,Bally Bet
2024-03-31,27366827,1624993.0,BetMGM
2024-03-31,40692209,3473597.8347992864,Caesars Sport Book
2024-03-31,153852827,12744433.969992002,DraftKings Sport Book
2024-03-31,426190,4618.0,ESPN Bet
2024-03-31,202796047,21395359.0,FanDuel
2024-03-31,15854381,1249452.0200000023,Fanatics
2024-03-31,2053883,212106.0,Resorts World Bet
2024-03-31,11123932,975830.0,Rush Street Interactive
2024-04-07,2039534,113501.0,Bally Bet
2024-04-07,31551195,2017188.0,BetMGM
2024-04-07,41769228,2249000.4557999466,Caesars Sport Book
2024-04-07,163456468,13068666.29,DraftKings Sport Book
2024-04-07,385195,14813.0,ESPN Bet
2024-04-07,194638834,21837183.0,FanDuel
2024-04-07,17918071,1602578.4899999993,Fanatics
2024-04-07,1515435,157744.0,Resorts World Bet
2024-04-07,12700741,1021498.0,Rush Street Interactive
2024-04-14,1666913,1281.0,Bally Bet
2024-04-14,31953636,1339440.0,BetMGM
2024-04-14,36009953,1670187.8134982833,Caesars Sport Book
2024-04-14,193232471,7149621.798120985,DraftKings Sport Book
2024-04-14,449464,14917.0,ESPN Bet
2024-04-14,177653261,16298286.0,FanDuel
2024-04-14,17127326,634925.8999999997,Fanatics
2024-04-14,1560247,96897.0,Resorts World Bet
2024-04-14,27355782,248703.0,Rush Street Interactive
2024-04-21,1658452,194601.0,Bally Bet
2024-04-21,29738622,2778514.0,BetMGM
2024-04-21,33679504,3023426.408499416,Caesars Sport Book
2024-04-21,187129088,27314473.030000005,DraftKings Sport Book
2024-04-21,431539,19129.0,ESPN Bet
2024-04-21,170902486,21196936.0,FanDuel
2024-04-21,17929192,1742265.1800000009,Fanatics
2024-04-21,1584410,187289.0,Resorts World Bet
2024-04-21,12720083,796624.0,Rush Street Interactive
2024-04-28,1971800,216899.0,Bally Bet
2024-04-28,29331816,2139771.0,BetMGM
2024-04-28,37353938,2205965.2096664067,Caesars Sport Book
2024-04-28,152809080,10669036.970006999,DraftKings Sport Book
2024-04-28,503736,29165.0,ESPN Bet
2024-04-28,189716837,21961129.0,FanDuel
2024-04-28,16127605,1309409.689999999,Fanatics
2024-04-28,1502829,67837.0,Resorts World Bet
2024-04-28,11610886,869856.0,Rush Street Interactive
2024-05-05,1710285,-33563.0,Bally Bet
2024-05-05,29341889,1010729.0,BetMGM
2024-05-05,36190839,1384937.1225994541,Caesars Sport Book
2024-05-05,217230355,7037661.770003011,DraftKings Sport Book
2024-05-05,432655,12967.0,ESPN Bet
2024-05-05,168303125,12640328.0,FanDuel
2024-05-05,18067508,759187.7000000002,Fanatics
2024-05-05,1495615,123510.0,Resorts World Bet
2024-05-05,11345336,169784.0,Rush Street Interactive
2024-05-12,1977247,285040.0,Bally Bet
2024-05-12,29743400,2078486.0,BetMGM
2024-05-12,39978198,2852687.1580022834,Caesars Sport Book
2024-05-12,231480985,36518816.52999401,DraftKings Sport Book
2024-05-12,470367,28327.0,ESPN Bet
2024-05-12,199051939,26898581.0,FanDuel
2024-05-12,16429493,1268216.3699999982,Fanatics
2024-05-12,1739423,42062.0,Resorts World Bet
2024-05-12,11405875,963431.0,Rush Street Interactive
2024-05-19,2125846,141499.0,Bally Bet
2024-05-19,27319756,1894146.0,BetMGM
2024-05-19,38590501,2800105.2236983944,Caesars Sport Book
2024-05-19,167614361,15002260.619994013,DraftKings Sport Book
2024-05-19,415523,12249.0,ESPN Bet
2024-05-19,180003171,27201197.0,FanDuel
2024-05-19,17332587,1949887.8100000005,Fanatics
2024-05-19,2210068,225432.0,Resorts World Bet
2024-05-19,10277253,1054842.0,Rush Street Interactive
2024-05-26,1743642,157430.0,Bally Bet
2024-05-26,23561915,2448931.0,BetMGM
2024-05-26,33097327,3323574.172301401,Caesars Sport Book
2024-05-26,155730752,20455440.380006008,DraftKings Sport Book
2024-05-26,436263,12233.0,ESPN Bet
2024-05-26,149268938,15825377.0,FanDuel
2024-05-26,14940336,2037374.1799999992,Fanatics
2024-05-26,2298572,221220.0,Resorts World Bet
2024-05-26,8610034,1062247.0,Rush Street Interactive
2024-06-02,1536483,56407.0,Bally Bet
2024-06-02,22160525,1144713.0,BetMGM
2024-06-02,32480750,2260770.1899999995,Caesars Sport Book
2024-06-02,121291969,8151783.919999996,DraftKings Sport Book
2024-06-02,410221,1715.0,ESPN Bet
2024-06-02,139906806,16833931.0,FanDuel
2024-06-02,15045666,1142630.4500000007,Fanatics
2024-06-02,1646238,99900.0,Resorts World Bet
2024-06-02,9995392,588789.0,Rush Street Interactive
2024-06-09,1836701,204982.0,Bally Bet
2024-06-09,22499672,1568592.0,BetMGM
2024-06-09,27668719,2062669.8000000021,Caesars Sport Book
2024-06-09,123736468,11344231.449996997,DraftKings Sport Book
2024-06-09,324951,11709.0,ESPN Bet
2024-06-09,134126221,17787642.0,FanDuel
2024-06-09,14102295,1414148.1199999996,Fanatics
2024-06-09,1415052,223945.0,Resorts World Bet
2024-06-09,19712429,512885.0,Rush Street Interactive
2024-06-16,1244504,158776.0,Bally Bet
2024-06-16,25251770,1635383.0,BetMGM
2024-06-16,30669138,1682474.619999994,Caesars Sport Book
2024-06-16,125653266,11003640.99000001,DraftKings Sport Book
2024-06-16,340622,17988.0,ESPN Bet
2024-06-16,137682149,15219508.0,FanDuel
2024-06-16,14952211,1616523.4699999995,Fanatics
2024-06-16,2042779,131244.0,Resorts World Bet
2024-06-16,24925982,712208.0,Rush Street Interactive
2024-06-23,1567251,63273.0,Bally Bet
2024-06-23,22773805,2077307.0,BetMGM
2024-06-23,31314023,2536849.1399999983,Caesars Sport Book
2024-06-23,118021953,10921212.640015004,DraftKings Sport Book
2024-06-23,357857,30148.0,ESPN Bet
2024-06-23,131101449,19659167.0,FanDuel
2024-06-23,16605186,1959513.8500000003,Fanatics
2024-06-23,1655604,86367.0,Resorts World Bet
2024-06-23,9722766,854785.0,Rush Street Interactive
2024-06-30,1614042,215750.0,Bally Bet
2024-06-30,22911698,1974292.0,BetMGM
2024-06-30,27871775,1997706.9400000013,Caesars Sport Book
2024-06-30,113507624,9652793.629990002,DraftKings Sport Book
2024-06-30,371079,20302.0,ESPN Bet
2024-06-30,126959252,12763919.0,FanDuel
2024-06-30,16539276,1839174.9899999995,Fanatics
2024-06-30,1856117,157435.0,Resorts World Bet
2024-06-30,11010402,545686.0,Rush Street Interactive
2024-07-07,1296503,90443.0,Bally Bet
2024-07-07,26772757,2766308.0,BetMGM
2024-07-07,26622252,3286104.08,Caesars Sport Book
2024-07-07,118012753,14310858.660004,DraftKings Sport Book
2024-07-07,368739,21362.0,ESPN Bet
2024-07-07,123721813,14370561.0,FanDuel
2024-07-07,16909191,954288.9799999993,Fanatics
2024-07-07,1115882,128122.0,Resorts World Bet
2024-07-07,9129989,821220.0,Rush Street Interactive
2024-07-14,1538695,115200.0,Bally Bet
2024-07-14,19884499,1784346.0,BetMGM
2024-07-14,26420733,1648676.12,Caesars Sport Book
2024-07-14,110224048,11625664.560013006,DraftKings Sport Book
2024-07-14,284062,11551.0,ESPN Bet
2024-07-14,116960756,14811947.0,FanDuel
2024-07-14,18284495,3220725.54,Fanatics
2024-07-14,1326974,127644.0,Resorts World Bet
2024-07-14,8813972,917408.0,Rush Street Interactive
2024-07-21,1183815,82818.0,Bally Bet
2024-07-21,11997077,960453.0,BetMGM
2024-07-21,19946661,2503264.79,Caesars Sport Book
2024-07-21,81544840,7742591.289999997,DraftKings Sport Book
2024-07-21,112792,14975.0,ESPN Bet
2024-07-21,86809383,11219035.0,FanDuel
2024-07-21,14209110,1698325.4699999993,Fanatics
2024-07-21,1290591,116458.0,Resorts World Bet
2024-07-21,7486745,729013.0,Rush Street Interactive
2024-07-28,1627682,122131.0,Bally Bet
2024-07-28,19182829,2232295.0,BetMGM
2024-07-28,24310133,2698698.82,Caesars Sport Book
2024-07-28,97010134,11367883.669995006,DraftKings Sport Book
2024-07-28,171332,3334.0,ESPN Bet
2024-07-28,103164984,14589228.0,FanDuel
2024-07-28,17886763,2444249.4700000007,Fanatics
2024-07-28,1625728,57062.0,Resorts World Bet
2024-07-28,6698916,763006.0,Rush Street Interactive
2024-08-04,1753925,203318.0,Bally Bet
2024-08-04,24829094,1845531.0,BetMGM
2024-08-04,26744865,1859339.7499999995,Caesars Sport Book
2024-08-04,125768345,7800861.399982013,DraftKings Sport Book
2024-08-04,121652497,8887410.0,FanDuel
2024-08-04,19653201,1419237.509999998,Fanatics
2024-08-04,1459336,78170.0,Resorts World Bet
2024-08-04,8737941,500772.0,Rush Street Interactive
2024-08-11,1280001,49915.0,Bally Bet
2024-08-11,23524940,1096633.0,BetMGM
2024-08-11,26188146,2245076.4199999995,Caesars Sport Book
2024-08-11,116388685,7924892.949997999,DraftKings Sport Book
2024-08-11,109904199,11055287.0,FanDuel
2024-08-11,19775076,1502822.110000001,Fanatics
2024-08-11,1614100,115513.0,Resorts World Bet
2024-08-11,9105360,645042.0,Rush Street Interactive
2024-08-18,1446366,27335.0,Bally Bet
2024-08-18,30827555,2148387.0,BetMGM
2024-08-18,25561536,2445218.299999999,Caesars Sport Book
2024-08-18,103743269,12763020.100000001,DraftKings Sport Book
2024-08-18,107026230,15153535.0,FanDuel
2024-08-18,21940502,2811682.1399999997,Fanatics
2024-08-18,1794685,95354.0,Resorts World Bet
2024-08-18,7815702,711778.0,Rush Street Interactive
2024-08-25,1892021,-6407.0,Bally Bet
2024-08-25,31365022,1813119.0,BetMGM
2024-08-25,26086425,1708671.3800000013,Caesars Sport Book
2024-08-25,105138977,9404732.339997998,DraftKings Sport Book
2024-08-25,105903816,11677101.0,FanDuel
2024-08-25,19563320,1254109.6300000004,Fanatics
2024-08-25,1891005,107866.0,Resorts World Bet
2024-08-25,7003231,672189.0,Rush Street Interactive
2024-09-01,2324833,235018.0,Bally Bet
2024-09-01,33675862,1627540.0,BetMGM
2024-09-01,31591450,2310323.769999999,Caesars Sport Book
2024-09-01,150365004,9359359.580009006,DraftKings Sport Book
2024-09-01,142583417,13450483.0,FanDuel
2024-09-01,24948259,2209213.77,Fanatics
2024-09-01,2789328,180822.0,Resorts World Bet
2024-09-01,13142192,1032041.0,Rush Street Interactive
2024-09-08,2828661,146211.0,Bally Bet
2024-09-08,34036016,2795923.0,BetMGM
2024-09-08,35027726,1988894.2400000012,Caesars Sport Book
2024-09-08,181128402,9975460.119929014,DraftKings Sport Book
2024-09-08,181587810,14958455.0,FanDuel
2024-09-08,27969305,1733179.8799999997,Fanatics
2024-09-08,1499976,-11657.0,Resorts World Bet
2024-09-08,12224656,669462.0,Rush Street Interactive
2024-09-15,2538469,391466.0,Bally Bet
2024-09-15,31272828,2115654.0,BetMGM
2024-09-15,33448312,3795548.589999999,Caesars Sport Book
2024-09-15,184345077,23608756.980016988,DraftKings Sport Book
2024-09-15,183390946,35147714.0,FanDuel
2024-09-15,31289229,2957354.4299999983,Fanatics
2024-09-15,1851177,267856.0,Resorts World Bet
2024-09-15,10111325,913880.0,Rush Street Interactive
2024-09-22,2423178,163224.0,Bally Bet
2024-09-22,37151535,1423382.0,BetMGM
2024-09-22,35638164,2956702.590000001,Caesars Sport Book
2024-09-22,181648143,17402768.939852007,DraftKings Sport Book
2024-09-22,175548247,19255037.0,FanDuel
2024-09-22,36986263,1360487.3699999978,Fanatics
2024-09-22,1420682,93796.0,Resorts World Bet
2024-09-22,9254205,891884.0,Rush Street Interactive
2024-09-29,2294649,313138.0,Bally Bet
2024-09-29,32933497,3462528.0,BetMGM
2024-09-29,34720869,3774647.81999996,Caesars Sport Book
2024-09-29,196317296,17439470.28000998,DraftKings Sport Book
2024-09-29,3044164,165673.0,ESPN Bet
2024-09-29,198225539,24189929.0,FanDuel
2024-09-29,38988615,2261094.010000004,Fanatics
2024-09-29,1407297,213583.0,Resorts World Bet
2024-09-29,8888823,900741.0,Rush Street Interactive
2024-10-06,2203068,251240.0,Bally Bet
2024-10-06,32184027,3380777.0,BetMGM
2024-10-06,32238496,3008589.2499999986,Caesars Sport Book
2024-10-06,182353274,21269989.419989016,DraftKings Sport Book
2024-10-06,9092644,1149940.0,ESPN Bet
2024-10-06,184111163,19023513.0,FanDuel
2024-10-06,43059582,3198550.160000001,Fanatics
2024-10-06,1648214,192635.0,Resorts World Bet
2024-10-06,9354794,1042290.0,Rush Street Interactive
2024-10-13,2320970,93554.0,Bally Bet
2024-10-13,33920442,613995.0,BetMGM
2024-10-13,31768755,1623704.540000001,Caesars Sport Book
2024-10-13,173029230,5333562.929995006,DraftKings Sport Book
2024-10-13,8670443,189741.0,ESPN Bet
2024-10-13,183985343,13942966.0,FanDuel
2024-10-13,37758608,-1433088.9300000016,Fanatics
2024-10-13,1819518,-221273.0,Resorts World Bet
2024-10-13,10489465,503900.0,Rush Street Interactive
2024-10-20,2761376,-270933.0,Bally Bet
2024-10-20,38631423,-499551.0,BetMGM
2024-10-20,39494279,515350.92000000086,Caesars Sport Book
2024-10-20,198276055,1479466.3399920128,DraftKings Sport Book
2024-10-20,8149078,537911.0,ESPN Bet
2024-10-20,207868686,5883194.0,FanDuel
2024-10-20,40314664,2257302.340000004,Fanatics
2024-10-20,1757491,50411.0,Resorts World Bet
2024-10-20,11106028,495547.0,Rush Street Interactive
2024-10-27,2676413,250920.0,Bally Bet
2024-10-27,37412890,3199698.0,BetMGM
2024-10-27,37496080,3959842.0599999996,Caesars Sport Book
2024-10-27,192548070,19671426.619992,DraftKings Sport Book
2024-10-27,11442339,727703.0,ESPN Bet
2024-10-27,240487519,23910735.0,FanDuel
2024-10-27,41703433,5320965.200000003,Fanatics
2024-10-27,1535623,121820.0,Resorts World Bet
2024-10-27,10819411,1068423.0,Rush Street Interactive
2024-11-03,2726071,56409.0,Bally Bet
2024-11-03,43368308,2163008.0,BetMGM
2024-11-03,37319237,2669669.7100000004,Caesars Sport Book
2024-11-03,183287462,16915929.18769501,DraftKings Sport Book
2024-11-03,9121403,412543.0,ESPN Bet
2024-11-03,230944387,26889558.0,FanDuel
2024-11-03,39251365,2497164.2099999976,Fanatics
2024-11-03,1520793,189860.0,Resorts World Bet
2024-11-03,10864920,480531.0,Rush Street Interactive
2024-11-10,2215802,360177.0,Bally Bet
2024-11-10,43474481,4911825.0,BetMGM
2024-11-10,37658770,4101217.4599999995,Caesars Sport Book
2024-11-10,167072709,15376627.95000601,DraftKings Sport Book
2024-11-10,9616542,1447376.0,ESPN Bet
2024-11-10,215037436,24377037.0,FanDuel
2024-11-10,39780683,3395919.2499999967,Fanatics
2024-11-10,1434779,167810.0,Resorts World Bet
2024-11-10,10859477,1058201.0,Rush Street Interactive
2024-11-17,1967480,327098.0,Bally Bet
2024-11-17,34132496,3856523.0,BetMGM
2024-11-17,33127410,3115521.8999999994,Caesars Sport Book
2024-11-17,162720896,16517618.939989014,DraftKings Sport Book
2024-11-17,8432258,776499.0,ESPN Bet
2024-11-17,202543512,22675522.0,FanDuel
2024-11-17,37468363,4590425.460000001,Fanatics
2024-11-17,1055167,164560.0,Resorts World Bet
2024-11-17,10127025,797580.0,Rush Street Interactive
2024-11-24,2444765,219500.0,Bally Bet
2024-11-24,37831120,3187135.0,BetMGM
2024-11-24,31800015,3317812.9199999985,Caesars Sport Book
2024-11-24,160982105,19067532.809994996,DraftKings Sport Book
2024-11-24,8268344,532583.0,ESPN Bet
2024-11-24,198965339,23129133.0,FanDuel
2024-11-24,37687156,761592.3699999996,Fanatics
2024-11-24,1140024,101773.0,Resorts World Bet
2024-11-24,10803366,1128565.0,Rush Street Interactive
2024-12-01,3257755,169282.0,Bally Bet
2024-12-01,40354372,1811941.0,BetMGM
2024-12-01,43821135,1957663.2800000012,Caesars Sport Book
2024-12-01,202719780,16149183.380007006,DraftKings Sport Book
2024-12-01,9705171,394852.0,ESPN Bet
2024-12-01,235494265,14301541.0,FanDuel
2024-12-01,44059523,5505513.32,Fanatics
2024-12-01,1275495,67191.0,Resorts World Bet
2024-12-01,12182960,1162585.0,Rush Street Interactive
2024-12-08,4189654,89433.0,Bally Bet
2024-12-08,42421182,1428922.0,BetMGM
2024-12-08,36304782,2363195.309999998,Caesars Sport Book
2024-12-08,165031774,12757163.239994999,DraftKings Sport Book
2024-12-08,7555173,315514.0,ESPN Bet
2024-12-08,213084635,16740950.0,FanDuel
2024-12-08,32632502,2403702.4899999998,Fanatics
2024-12-08,1067125,80262.0,Resorts World Bet
2024-12-08,10594925,648691.0,Rush Street Interactive
2024-12-15,2809630,182762.0,Bally Bet
2024-12-15,37117911,1191302.0,BetMGM
2024-12-15,31279289,2005262.81,Caesars Sport Book
2024-12-15,141956784,10074796.000003995,DraftKings Sport Book
2024-12-15,6872188,461441.0,ESPN Bet
2024-12-15,185310550,20056633.0,FanDuel
2024-12-15,31308792,2292640.4299999964,Fanatics
2024-12-15,1376707,48977.0,Resorts World Bet
2024-12-15,9516036,501329.0,Rush Street Interactive
2024-12-22,2444670,114499.0,Bally Bet
2024-12-22,40977076,4363153.0,BetMGM
2024-12-22,35891868,2031806.2399999993,Caesars Sport Book
2024-12-22,167492494,10271229.170013998,DraftKings Sport Book
2024-12-22,20886200,146756.0,ESPN Bet
2024-12-22,205500116,15674950.0,FanDuel
2024-12-22,40800618,574203.2499999967,Fanatics
2024-12-22,1506614,162982.0,Resorts World Bet
2024-12-22,10890537,708626.0,Rush Street Interactive
2024-12-29,2340540,160319.0,Bally Bet
2024-12-29,37475145,3420181.0,BetMGM
2024-12-29,36486424,3169041.7899999972,Caesars Sport Book
2024-12-29,165624044,18119541.96000399,DraftKings Sport Book
2024-12-29,8858016,746233.0,ESPN Bet
2024-12-29,213543032,30200781.0,FanDuel
2024-12-29,43466192,4494971.7700000005,Fanatics
2024-12-29,1944964,214287.0,Resorts World Bet
2024-12-29,10064049,955032.0,Rush Street Interactive
2025-01-05,2679161,291615.0,Bally Bet
2025-01-05,48844682,2009601.0,BetMGM
2025-01-05,40455241,2617822.869999999,Caesars Sport Book
2025-01-05,191987866,12725322.649267,DraftKings Sport Book
2025-01-05,11078337,8674.0,ESPN Bet
2025-01-05,240346238,17169591.0,FanDuel
2025-01-05,51375251,2426484.9799999977,Fanatics
2025-01-05,1933734,89166.0,Resorts World Bet
2025-01-05,12137504,802323.0,Rush Street Interactive
2025-01-12,2278894,216573.0,Bally Bet
2025-01-12,43918276,3688127.0,BetMGM
2025-01-12,36435119,3560956.890000002,Caesars Sport Book
2025-01-12,191286479,20359123.209048003,DraftKings Sport Book
2025-01-12,10643280,1126953.0,ESPN Bet
2025-01-12,218010907,29912013.0,FanDuel
2025-01-12,46252804,2048597.9800000014,Fanatics
2025-01-12,1567419,144926.0,Resorts World Bet
2025-01-12,10647711,986846.0,Rush Street Interactive
2025-01-19,2556940,262796.0,Bally Bet
2025-01-19,50434985,4758494.0,BetMGM
2025-01-19,41126741,4074323.6099999957,Caesars Sport Book
2025-01-19,193606618,21855073.010010973,DraftKings Sport Book
2025-01-19,15916769,686676.0,ESPN Bet
2025-01-19,231156890,30050984.0,FanDuel
2025-01-19,45076859,5550960.450000003,Fanatics
2025-01-19,2118520,191153.0,Resorts World Bet
2025-01-19,11669765,867328.0,Rush Street Interactive
2025-01-26,2394186,113149.0,Bally Bet
2025-01-26,37745939,2388562.0,BetMGM
2025-01-26,34922865,3051120.56,Caesars Sport Book
2025-01-26,189915838,14488499.490004003,DraftKings Sport Book
2025-01-26,13044959,654032.0,ESPN Bet
2025-01-26,209361827,13946710.0,FanDuel
2025-01-26,41665420,2621902.359999998,Fanatics
2025-01-26,1755953,40644.0,Resorts World Bet
2025-01-26,10310793,502831.0,Rush Street Interactive
2025-02-02,1857910,239358.0,Bally Bet
2025-02-02,38825723,4217174.0,BetMGM
2025-02-02,32525758,3825091.3200000026,Caesars Sport Book
2025-02-02,177513736,18523261.130005,DraftKings Sport Book
2025-02-02,18107389,768485.0,ESPN Bet
2025-02-02,197012520,23883995.0,FanDuel
2025-02-02,40698656,3450278.5899999975,Fanatics
2025-02-02,1765070,229231.0,Resorts World Bet
2025-02-02,10684162,1173220.0,Rush Street Interactive
2025-02-09,1897481,171490.0,Bally Bet
2025-02-09,38396184,2751939.0,BetMGM
2025-02-09,36220362,2410986.6299999985,Caesars Sport Book
2025-02-09,193961420,17248053.349991016,DraftKings Sport Book
2025-02-09,11838488,1226431.0,ESPN Bet
2025-02-09,222239246,33778347.0,FanDuel
2025-02-09,39804405,4300992.66,Fanatics
2025-02-09,1792617,183126.0,Resorts World Bet
2025-02-09,11729077,311835.0,Rush Street Interactive
2025-02-16,1553802,97466.0,Bally Bet
2025-02-16,27908045,2354688.0,BetMGM
2025-02-16,26993420,2490308.719999999,Caesars Sport Book
2025-02-16,160770354,6835752.810000004,DraftKings Sport Book
2025-02-16,8925964,658443.0,ESPN Bet
2025-02-16,159862464,17057552.0,FanDuel
2025-02-16,35924436,2503072.899999998,Fanatics
2025-02-16,1986010,135028.0,Resorts World Bet
2025-02-16,10152610,894666.0,Rush Street Interactive
2025-02-23,1690921,105131.0,Bally Bet
2025-02-23,28256272,3171974.0,BetMGM
2025-02-23,30966373,2320933.8499999987,Caesars Sport Book
2025-02-23,144321871,17793188.740001,DraftKings Sport Book
2025-02-23,8613898,840756.0,ESPN Bet
2025-02-23,166462759,19480682.0,FanDuel
2025-02-23,36913532,2818359.6500000036,Fanatics
2025-02-23,2282630,232664.0,Resorts World Bet
2025-02-23,8734119,978309.0,Rush Street Interactive
2025-03-02,2099168,102964.0,Bally Bet
2025-03-02,33606666,2518390.0,BetMGM
2025-03-02,34746668,1428793.96,Caesars Sport Book
2025-03-02,229462333,2690202.4699930176,DraftKings Sport Book
2025-03-02,10601381,487091.0,ESPN Bet
2025-03-02,177631771,17246080.0,FanDuel
2025-03-02,48214883,1374832.4200000046,Fanatics
2025-03-02,2090775,110036.0,Resorts World Bet
2025-03-02,11411192,486886.0,Rush Street Interactive
2025-03-09,2158076,35667.0,Bally Bet
2025-03-09,32420499,2360110.0,BetMGM
2025-03-09,34412341,2250223.940000001,Caesars Sport Book
2025-03-09,239424195,16179028.560009003,DraftKings Sport Book
2025-03-09,11510902,1060691.0,ESPN Bet
2025-03-09,182484576,15602430.0,FanDuel
2025-03-09,46661873,3180269.3999999957,Fanatics
2025-03-09,2064716,108292.0,Resorts World Bet
2025-03-09,11045601,745270.0,Rush Street Interactive
2025-03-16,2410623,-39623.0,Bally Bet
2025-03-16,35195634,3166410.0,BetMGM
2025-03-16,36582753,2916818.4300000016,Caesars Sport Book
2025-03-16,211927367,24547160.360004984,DraftKings Sport Book
2025-03-16,12755697,780303.0,ESPN Bet
2025-03-16,189357621,19277405.0,FanDuel
2025-03-16,48227187,3055967.780000001,Fanatics
2025-03-16,2537011,79006.0,Resorts World Bet
2025-03-16,11837910,765692.0,Rush Street Interactive
2025-03-23,2381068,148404.0,Bally Bet
2025-03-23,40679075,2611334.0,BetMGM
2025-03-23,38783963,1845814.3899999997,Caesars Sport Book
2025-03-23,189046954,17729648.359992996,DraftKings Sport Book
2025-03-23,14144550,1748914.0,ESPN Bet
2025-03-23,207080954,15713140.0,FanDuel
2025-03-23,49227540,3976332.640000002,Fanatics
2025-03-23,2705098,53917.0,Resorts World Bet
2025-03-23,11294246,1026751.0,Rush Street Interactive
2025-03-30,2570846,42985.0,Bally Bet
2025-03-30,43739303,989662.0,BetMGM
2025-03-30,35169988,1201925.0499999984,Caesars Sport Book
2025-03-30,177814590,1183700.840002004,DraftKings Sport Book
2025-03-30,10426963,43278.0,ESPN Bet
2025-03-30,197804320,4285893.0,FanDuel
2025-03-30,40897122,787496.1399999992,Fanatics
2025-03-30,2041505,-3199.0,Resorts World Bet
2025-03-30,11905993,-116577.0,Rush Street Interactive
2025-04-06,2807404,99347.0,Bally Bet
2025-04-06,39641868,3533970.0,BetMGM
2025-04-06,38585645,2710013.6000000006,Caesars Sport Book
2025-04-06,189008182,16535700.970003005,DraftKings Sport Book
2025-04-06,15726877,563404.0,ESPN Bet
2025-04-06,212285694,15555467.0,FanDuel
2025-04-06,50842344,4105951.9399999995,Fanatics
2025-04-06,2013072,164050.0,Resorts World Bet
2025-04-06,11573677,1134741.0,Rush Street Interactive
2025-04-13,2418115,134019.0,Bally Bet
2025-04-13,34157606,3071732.0,BetMGM
2025-04-13,32643043,2309901.350000001,Caesars Sport Book
2025-04-13,163514962,15025126.95989299,DraftKings Sport Book
2025-04-13,11937077,809953.0,ESPN Bet
2025-04-13,179832055,21865290.0,FanDuel
2025-04-13,38652229,3470252.12,Fanatics
2025-04-13,1984418,232939.0,Resorts World Bet
2025-04-13,9290602,900287.0,Rush Street Interactive
2025-04-20,2526519,-11809.0,Bally Bet
2025-04-20,34744157,1055094.0,BetMGM
2025-04-20,31699859,1581325.9899999974,Caesars Sport Book
2025-04-20,150472293,10555443.520026002,DraftKings Sport Book
2025-04-20,9360502,483610.0,ESPN Bet
2025-04-20,180762491,11449750.0,FanDuel
2025-04-20,40733930,1176673.4300000006,Fanatics
2025-04-20,2368166,97819.0,Resorts World Bet
2025-04-20,9447528,583186.0,Rush Street Interactive
2025-04-27,2822781,237740.0,Bally Bet
2025-04-27,36016987,3532439.0,BetMGM
2025-04-27,41070421,1580532.54,Caesars Sport Book
2025-04-27,181268409,20517123.640008006,DraftKings Sport Book
2025-04-27,13885477,1235702.0,ESPN Bet
2025-04-27,197609596,24114019.0,FanDuel
2025-04-27,40261577,4452288.51,Fanatics
2025-04-27,2897758,333814.0,Resorts World Bet
2025-04-27,10334136,897651.0,Rush Street Interactive
2025-05-04,2445600,46676.0,Bally Bet
2025-05-04,37326378,2791911.0,BetMGM
2025-05-04,33996854,3426251.0800000005,Caesars Sport Book
2025-05-04,163907213,15335369.51000501,DraftKings Sport Book
2025-05-04,13593608,478761.0,ESPN Bet
2025-05-04,180508704,26188380.0,FanDuel
2025-05-04,35596001,3057994.189999994,Fanatics
2025-05-04,2103741,84030.0,Resorts World Bet
2025-05-04,10773701,484948.0,Rush Street Interactive
2025-05-11,2794662,153192.0,Bally Bet
2025-05-11,40925288,1939083.0,BetMGM
2025-05-11,36333611,3041455.9299999997,Caesars Sport Book
2025-05-11,172955864,16187739.260003997,DraftKings Sport Book
2025-05-11,9996405,895146.0,ESPN Bet
2025-05-11,194046063,19505198.0,FanDuel
2025-05-11,50903577,1942521.8999999948,Fanatics
2025-05-11,2410830,107042.0,Resorts World Bet
2025-05-11,10716800,944455.0,Rush Street Interactive
2025-05-18,2671213,220767.0,Bally Bet
2025-05-18,35385750,2560220.0,BetMGM
2025-05-18,34299615,2280340.890000002,Caesars Sport Book
2025-05-18,176164717,16100825.379997995,DraftKings Sport Book
2025-05-18,11482744,1100702.0,ESPN Bet
2025-05-18,185482741,22904459.0,FanDuel
2025-05-18,42513066,3734352.8999999985,Fanatics
2025-05-18,1772134,207116.0,Resorts World Bet
2025-05-18,11061518,757571.0,Rush Street Interactive
2025-05-25,2609848,127327.0,Bally Bet
2025-05-25,34407313,4905207.0,BetMGM
2025-05-25,31279015,3746197.659999999,Caesars Sport Book
2025-05-25,179179439,21469702.929986008,DraftKings Sport Book
2025-05-25,10578627,652944.0,ESPN Bet
2025-05-25,170788382,26436257.0,FanDuel
2025-05-25,36609804,4402283.239999995,Fanatics
2025-05-25,1935150,148734.0,Resorts World Bet
2025-05-25,10843958,997348.0,Rush Street Interactive
2025-06-01,2932683,161088.0,Bally Bet
2025-06-01,32206998,3671130.0,BetMGM
2025-06-01,34179450,3058425.7589992685,Caesars Sport Book
2025-06-01,187561645,23796143.079996005,DraftKings Sport Book
2025-06-01,10355456,1100990.0,ESPN Bet
2025-06-01,169940625,26370023.0,FanDuel
2025-06-01,41365964,5010407.089999996,Fanatics
2025-06-01,2130607,240714.0,Resorts World Bet
2025-06-01,12640565,1094512.0,Rush Street Interactive
2025-06-08,2451109,132274.0,Bally Bet
2025-06-08,28644090,2653875.0,BetMGM
2025-06-08,27199961,3331836.1800000016,Caesars Sport Book
2025-06-08,146286815,18977139.340000004,DraftKings Sport Book
2025-06-08,9508671,970334.0,ESPN Bet
2025-06-08,137737062,19762106.0,FanDuel
2025-06-08,36573851,4362002.299999997,Fanatics
2025-06-08,1464560,193494.0,Resorts World Bet
2025-06-08,10340232,790123.0,Rush Street Interactive
2025-06-15,2096028,144199.0,Bally Bet
2025-06-15,27044392,3117575.0,BetMGM
2025-06-15,26517747,3304127.0699999994,Caesars Sport Book
2025-06-15,142598473,19737863.220010996,DraftKings Sport Book
2025-06-15,15555102,616091.0,ESPN Bet
2025-06-15,131449929,21961447.0,FanDuel
2025-06-15,34888612,4396221.7399999965,Fanatics
2025-06-15,958759,53688.0,Resorts World Bet
2025-06-15,9722116,1001982.0,Rush Street Interactive
2025-06-22,2471464,220354.0,Bally Bet
2025-06-22,29067428,4448500.0,BetMGM
2025-06-22,25814884,2480416.4899999998,Caesars Sport Book
2025-06-22,145538448,15542157.409998,DraftKings Sport Book
2025-06-22,9903547,1487793.0,ESPN Bet
2025-06-22,138900477,25195396.0,FanDuel
2025-06-22,37407640,5026926.359999999,Fanatics
2025-06-22,24386,-14104.0,Resorts World Bet
2025-06-22,9211481,971343.0,Rush Street Interactive
2025-06-29,2253203,246892.0,Bally Bet
2025-06-29,24923518,881251.0,BetMGM
2025-06-29,22056488,2410168.0799999996,Caesars Sport Book
2025-06-29,129157984,10378327.400001992,DraftKings Sport Book
2025-06-29,8967190,720637.0,ESPN Bet
2025-06-29,119854155,15350126.0,FanDuel
2025-06-29,34189828,2620564.8999999957,Fanatics
2025-06-29,8273959,669372.0,Rush Street Interactive
2025-07-06,2313382,228494.0,Bally Bet
2025-07-06,24531371,2204667.0,BetMGM
2025-07-06,25245864,2695504.6299999994,Caesars Sport Book
2025-07-06,133733445,13543925.440001003,DraftKings Sport Book
2025-07-06,9060176,1440743.0,ESPN Bet
2025-07-06,119310675,13492313.0,FanDuel
2025-07-06,31385582,3544846.0900000012,Fanatics
2025-07-06,8864152,971864.0,Rush Street Interactive
2025-07-13,2069288,193913.0,Bally Bet
2025-07-13,22556800,1711814.0,BetMGM
2025-07-13,24006128,1603991.1000000006,Caesars Sport Book
2025-07-13,122657720,12577332.039999997,DraftKings Sport Book
2025-07-13,6837216,506109.0,ESPN Bet
2025-07-13,112142064,15108079.0,FanDuel
2025-07-13,30612935,2859671.270000001,Fanatics
2025-07-13,7812760,440375.0,Rush Street Interactive
2025-07-20,2034288,153144.0,Bally Bet
2025-07-20,16814949,2222859.0,BetMGM
2025-07-20,17685682,2083542.79,Caesars Sport Book
2025-07-20,100489018,8622704.460002007,DraftKings Sport Book
2025-07-20,5606506,423597.0,ESPN Bet
2025-07-20,89509524,14536556.0,FanDuel
2025-07-20,28205327,3168476.3100000015,Fanatics
2025-07-20,6246347,937474.0,Rush Street Interactive
2025-07-27,1855666,201975.0,Bally Bet
2025-07-27,23064208,2510195.0,BetMGM
2025-07-27,22370273,2373483.7399999998,Caesars Sport Book
2025-07-27,114221926,12404711.449988991,DraftKings Sport Book
2025-07-27,12840657,1142666.0,ESPN Bet
2025-07-27,113524252,11795276.0,FanDuel
2025-07-27,31351798,3701391.019999999,Fanatics
2025-07-27,8494110,658590.0,Rush Street Interactive
2025-08-03,2437521,191688.0,Bally Bet
2025-08-03,26859024,3685941.0,BetMGM
2025-08-03,22093800,3010040.278499815,Caesars Sport Book
2025-08-03,110289409,14358078.730005996,DraftKings Sport Book
2025-08-03,10060635,1237317.0,ESPN Bet
2025-08-03,111723684,16690299.0,FanDuel
2025-08-03,46701890,-3831760.3500000043,Fanatics
2025-08-03,8801289,908816.0,Rush Street Interactive
2025-08-10,2274714,251339.0,Bally Bet
2025-08-10,24360349,2464987.0,BetMGM
2025-08-10,21535678,1882866.6299999992,Caesars Sport Book
2025-08-10,105277538,11386414.330004003,DraftKings Sport Book
2025-08-10,8542928,839199.0,ESPN Bet
2025-08-10,113606778,13621163.0,FanDuel
2025-08-10,32863231,3743963.800000001,Fanatics
2025-08-10,8154143,776444.0,Rush Street Interactive
2025-08-17,2337367,136676.0,Bally Bet
2025-08-17,26577608,2477446.0,BetMGM
2025-08-17,24268186,1812782.1099997605,Caesars Sport Book
2025-08-17,122438986,10851246.57,DraftKings Sport Book
2025-08-17,8876554,356810.0,ESPN Bet
2025-08-17,117264876,14201462.0,FanDuel
2025-08-17,147334257,2689314.770000009,Fanatics
2025-08-17,9101356,823474.0,Rush Street Interactive
2025-08-24,2519768,146855.0,Bally Bet
2025-08-24,28073143,3001991.0,BetMGM
2025-08-24,26310981,2221838.12,Caesars Sport Book
2025-08-24,132593559,15495577.790000007,DraftKings Sport Book
2025-08-24,7242770,892350.0,ESPN Bet
2025-08-24,125648323,11167646.0,FanDuel
2025-08-24,212741599,441167.32000000775,Fanatics
2025-08-24,8939007,854385.0,Rush Street Interactive
2025-08-31,3351327,253166.0,Bally Bet
2025-08-31,38766127,4349781.0,BetMGM
2025-08-31,31008655,3528136.0199999996,Caesars Sport Book
2025-08-31,166340670,19963957.87,DraftKings Sport Book
2025-08-31,9827255,880056.0,ESPN Bet
2025-08-31,152512536,21652540.0,FanDuel
2025-08-31,145833764,14800685.45999999,Fanatics
2025-08-31,10468503,1211705.0,Rush Street Interactive
2025-09-07,2809732,137002.0,Bally Bet
2025-09-07,36970589,1901343.0,BetMGM
2025-09-07,34816167,2305526.3000000003,Caesars Sport Book
2025-09-07,205254442,4469721.949999997,DraftKings Sport Book
2025-09-07,10529178,500325.0,ESPN Bet
2025-09-07,173672799,14553305.0,FanDuel
2025-09-07,51947456,5925990.430000006,Fanatics
2025-09-07,11581616,774862.0,Rush Street Interactive
2025-09-14,2923311,238138.0,Bally Bet
2025-09-14,32004675,2500077.0,BetMGM
2025-09-14,33456390,2594693.69,Caesars Sport Book
2025-09-14,202367321,20142993.96999999,DraftKings Sport Book
2025-09-14,11668625,706958.0,ESPN Bet
2025-09-14,175030244,24095325.0,FanDuel
2025-09-14,65955964,5530435.35999999,Fanatics
2025-09-14,10379827,1054141.0,Rush Street Interactive
2025-09-21,3308273,83880.0,Bally Bet
2025-09-21,36778363,2023266.0,BetMGM
2025-09-21,36413126,2903698.2299999977,Caesars Sport Book
2025-09-21,219813405,22443025.599999987,DraftKings Sport Book
2025-09-21,10726744,731519.0,ESPN Bet
2025-09-21,193134656,23933689.0,FanDuel
2025-09-21,44954227,4265687.719999997,Fanatics
2025-09-21,10712084,514236.0,Rush Street Interactive
2025-09-28,3278875,293929.0,Bally Bet
2025-09-28,36274275,4272457.0,BetMGM
2025-09-28,39143678,2181574.05,Caesars Sport Book
2025-09-28,200288091,23200970.96999999,DraftKings Sport Book
2025-09-28,11153923,851544.0,ESPN Bet
2025-09-28,203978285,13733638.0,FanDuel
2025-09-28,45466571,4480203.860000001,Fanatics
2025-09-28,10823167,1221864.0,Rush Street Interactive
2025-10-05,3233513,56858.0,Bally Bet
2025-10-05,40686124,2506385.0,BetMGM
2025-10-05,42463699,3615303.699999999,Caesars Sport Book
2025-10-05,212047993,7570345.979999978,DraftKings Sport Book
2025-10-05,12968925,269117.0,ESPN Bet
2025-10-05,218719836,13194880.0,FanDuel
2025-10-05,48563581,2434873.8200000026,Fanatics
2025-10-05,13019876,568012.0,Rush Street Interactive
2025-10-12,3631919,302269.0,Bally Bet
2025-10-12,41380353,2484976.0,BetMGM
2025-10-12,38676659,3735478.7799999993,Caesars Sport Book
2025-10-12,195657939,23575258.450000003,DraftKings Sport Book
2025-10-12,12499205,1116372.0,ESPN Bet
2025-10-12,207667681,31580237.0,FanDuel
2025-10-12,43028252,4722897.369999996,Fanatics
2025-10-12,11598934,1301700.0,Rush Street Interactive
2025-10-19,4574711,331949.0,Bally Bet
2025-10-19,41833550,3384699.0,BetMGM
2025-10-19,38038450,1766575.8699999996,Caesars Sport Book
2025-10-19,198376723,11659023.439999992,DraftKings Sport Book
2025-10-19,13215290,280744.0,ESPN Bet
2025-10-19,211664811,11382628.0,FanDuel
2025-10-19,45112559,2746494.2500000135,Fanatics
2025-10-19,11520258,930216.0,Rush Street Interactive
2025-10-26,3686613,277730.0,Bally Bet
2025-10-26,44456460,2636325.0,BetMGM
2025-10-26,39900940,2019167.5999999992,Caesars Sport Book
2025-10-26,237801401,15427439.72000001,DraftKings Sport Book
2025-10-26,15701146,588073.0,ESPN Bet
2025-10-26,251678004,22208942.0,FanDuel
2025-10-26,50369513,5148191.470000011,Fanatics
2025-10-26,12070104,859540.0,Rush Street Interactive
2025-11-02,3521175,234570.0,Bally Bet
2025-11-02,42688969,4971720.0,BetMGM
2025-11-02,43056716,3848134.6100000027,Caesars Sport Book
2025-11-02,236358439,25808913.33,DraftKings Sport Book
2025-11-02,15339756,1145045.0,ESPN Bet
2025-11-02,258004600,33691887.0,FanDuel
2025-11-02,50297411,5302084.740000011,Fanatics
2025-11-02,11888040,828900.0,Rush Street Interactive
2025-11-09,4238557,251442.0,Bally Bet
2025-11-09,36200787,4212858.0,BetMGM
2025-11-09,42562980,3276159.3299999996,Caesars Sport Book
2025-11-09,218087907,18767263.709999993,DraftKings Sport Book
2025-11-09,12721355,821315.0,ESPN Bet
2025-11-09,231319587,36060679.0,FanDuel
2025-11-09,45131481,5509680.019999998,Fanatics
2025-11-09,11985428,1176232.0,Rush Street Interactive
2025-11-16,3793572,295824.0,Bally Bet
2025-11-16,37261032,3276974.0,BetMGM
2025-11-16,41624411,2838316.0800000015,Caesars Sport Book
2025-11-16,200490678,20072757.75000001,DraftKings Sport Book
2025-11-16,11640086,1015091.0,ESPN Bet
2025-11-16,215627759,26718080.0,FanDuel
2025-11-16,44220257,4967778.0600000005,Fanatics
2025-11-16,10476912,906949.0,Rush Street Interactive
2025-11-23,3667309,246756.0,Bally Bet
2025-11-23,33099247,2649367.0,BetMGM
2025-11-23,39568799,3283183.2400000035,Caesars Sport Book
2025-11-23,180936693,18242416.08999999,DraftKings Sport Book
2025-11-23,13500262,855236.0,ESPN Bet
2025-11-23,209034254,28405016.0,FanDuel
2025-11-23,47081212,4841338.370000005,Fanatics
2025-11-23,10607391,782044.0,Rush Street Interactive
2025-11-30,3732969,260766.0,Bally Bet
2025-11-30,49252132,2039236.0,BetMGM
2025-11-30,44338187,3767631.1200000034,Caesars Sport Book
2025-11-30,217365859,27343229.279999986,DraftKings Sport Book
2025-11-30,12180558,1235941.0,ESPN Bet
2025-11-30,246890964,30544203.0,FanDuel
2025-11-30,51680516,6197653.499999993,Fanatics
2025-11-30,12117364,1117450.0,Rush Street Interactive
2025-12-07,2635834,221067.0,Bally Bet
2025-12-07,60944862,5165236.0,BetMGM
2025-12-07,37748453,4548442.26,Caesars Sport Book
2025-12-07,185761806,24222651.509999987,DraftKings Sport Book
2025-12-07,9845455,992715.0,ESPN Bet
2025-12-07,204196518,39896512.0,FanDuel
2025-12-07,45618405,4649088.430000005,Fanatics
2025-12-07,12223621,1276964.0,Rush Street Interactive
2025-12-14,2994071,180017.0,Bally Bet
2025-12-14,44028146,3693110.0,BetMGM
2025-12-14,32695779,3076550.3899999997,Caesars Sport Book
2025-12-14,163675222,16967711.300000004,DraftKings Sport Book
2025-12-14,9216531,804951.0,ESPN Bet
2025-12-14,180034710,23581025.0,FanDuel
2025-12-14,47972661,193784.0100000021,Fanatics
2025-12-14,11135287,554776.0,Rush Street Interactive
2025-12-21,2881595,331069.0,Bally Bet
2025-12-21,65051138,-898828.0,BetMGM
2025-12-21,35623281,1834643.2500000005,Caesars Sport Book
2025-12-21,201194928,14005183.950000007,DraftKings Sport Book
2025-12-21,10299230,762882.0,ESPN Bet
2025-12-21,208520597,14196412.0,FanDuel
2025-12-21,50571102,5883210.109999999,Fanatics
2025-12-21,14438086,880559.0,Rush Street Interactive
2025-12-28,3368080,308506.0,Bally Bet
2025-12-28,67435126,3768661.0,BetMGM
2025-12-28,33450510,3689823.5500032906,Caesars Sport Book
2025-12-28,179340363,19706426.74,DraftKings Sport Book
2025-12-28,9027348,565763.0,ESPN Bet
2025-12-28,190820529,29149681.0,FanDuel
2025-12-28,43895745,5290328.910000001,Fanatics
2025-12-28,11298646,813828.0,Rush Street Interactive
2026-01-04,3548828,446795.0,Bally Bet
2026-01-04,57593516,2577687.0,BetMGM
2026-01-04,39802371,3848549.39,Caesars Sport Book
2026-01-04,203663207,22828020.21,DraftKings Sport Book
2026-01-04,11179234,1317524.0,ESPN Bet
2026-01-04,200578770,34306387.0,FanDuel
2026-01-04,47144980,7311625.730000001,Fanatics
2026-01-04,12351520,1338145.0,Rush Street Interactive
2026-01-11,3484030,247416.0,Bally Bet
2026-01-11,58661005,503642.0,BetMGM
2026-01-11,37133652,1812538.9399999995,Caesars Sport Book
2026-01-11,181392864,9014903.729999999,DraftKings Sport Book
2026-01-11,11451013,605888.0,ESPN Bet
2026-01-11,200135767,20328286.0,FanDuel
2026-01-11,45835374,4006831.2100000014,Fanatics
2026-01-11,11498284,788625.0,Rush Street Interactive
2026-01-18,3934197,616081.0,Bally Bet
2026-01-18,56926546,6188866.0,BetMGM
2026-01-18,34016173,4489138.750000001,Caesars Sport Book
2026-01-18,182727761,32339153.150000002,DraftKings Sport Book
2026-01-18,11678407,1524752.0,ESPN Bet
2026-01-18,198485410,43148375.0,FanDuel
2026-01-18,45851414,6227929.840000005,Fanatics
2026-01-18,11523390,1471295.0,Rush Street Interactive
2026-01-25,3957860,379616.0,Bally Bet
2026-01-25,49091123,1807947.0,BetMGM
2026-01-25,35180280,502558.63999999966,Caesars Sport Book
2026-01-25,184151554,8276216.010000002,DraftKings Sport Book
2026-01-25,13611947,662594.0,ESPN Bet
2026-01-25,197447320,11028913.0,FanDuel
2026-01-25,56747152,2590601.9299999997,Fanatics
2026-01-25,12283605,659175.0,Rush Street Interactive
2026-02-01,4278815,66825.0,Bally Bet
2026-02-01,49549458,3515499.0,BetMGM
2026-02-01,33801509,2481554.1299999976,Caesars Sport Book
2026-02-01,166998495,17150080.549999997,DraftKings Sport Book
2026-02-01,12599448,817552.0,ESPN Bet
2026-02-01,176999476,21393107.0,FanDuel
2026-02-01,54996038,4813747.499999988,Fanatics
2026-02-01,10788629,1337269.0,Rush Street Interactive
2026-02-08,4011612,559100.0,Bally Bet
2026-02-08,45787711,-1444655.0,BetMGM
2026-02-08,37624120,1647113.769999999,Caesars Sport Book
2026-02-08,191731070,17566779.999999996,DraftKings Sport Book
2026-02-08,16612387,719123.0,ESPN Bet
2026-02-08,207477104,23326074.0,FanDuel
2026-02-08,56617313,2905748.91,Fanatics
2026-02-08,12619048,910847.0,Rush Street Interactive
2026-02-15,3038594,232714.0,Bally Bet
2026-02-15,40350060,3016343.0,BetMGM
2026-02-15,30153068,2389710.6599999983,Caesars Sport Book
2026-02-15,153949705,13140787.919999992,DraftKings Sport Book
2026-02-15,9560356,733979.0,ESPN Bet
2026-02-15,159293553,16373033.0,FanDuel
2026-02-15,51753429,2833908.219999994,Fanatics
2026-02-15,11349267,1078872.0,Rush Street Interactive
2026-02-22,3192937,223579.0,Bally Bet
2026-02-22,38405343,993155.0,BetMGM
2026-02-22,32381632,2674940.140000002,Caesars Sport Book
2026-02-22,164641995,15211310.319999998,DraftKings Sport Book
2026-02-22,9230110,582709.0,ESPN Bet
2026-02-22,164364040,18144017.0,FanDuel
2026-02-22,51705941,3471519.6800000034,Fanatics
2026-02-22,11401177,976757.0,Rush Street Interactive
2026-03-01,3150765,209467.0,Bally Bet
2026-03-01,44503349,1877738.0,BetMGM
2026-03-01,30907871,2243149.6300000004,Caesars Sport Book
2026-03-01,165962728,14584000.909999995,DraftKings Sport Book
2026-03-01,10063893,1023571.0,ESPN Bet
2026-03-01,167387222,19037661.0,FanDuel
2026-03-01,59831401,4480673.78,Fanatics
2026-03-01,12806049,964867.0,Rush Street Interactive
2026-03-08,3224948,387684.0,Bally Bet
2026-03-08,56399917,2034631.0,BetMGM
2026-03-08,34778393,3161618.6800000034,Caesars Sport Book
2026-03-08,171265391,18276652.490000002,DraftKings Sport Book
2026-03-08,10012110,893437.0,ESPN Bet
2026-03-08,173602477,18274965.0,FanDuel
2026-03-08,65169959,3100533.410000001,Fanatics
2026-03-08,12072844,1340901.0,Rush Street Interactive
2026-03-15,2926253,386503.0,Bally Bet
2026-03-15,42301782,4873597.0,BetMGM
2026-03-15,34827164,3751860.1000000024,Caesars Sport Book
2026-03-15,180948074,19072675.09000001,DraftKings Sport Book
2026-03-15,11290858,836244.0,ESPN Bet
2026-03-15,193959947,16795852.0,FanDuel
2026-03-15,70149013,3602830.739999993,Fanatics
2026-03-15,12868485,1306511.0,Rush Street Interactive
2026-03-22,3243210,452656.0,Bally Bet
2026-03-22,41735719,3101211.0,BetMGM
2026-03-22,37158848,3546048.8300000005,Caesars Sport Book
2026-03-22,177913901,18725188.799999997,DraftKings Sport Book
2026-03-22,9343715,862822.0,ESPN Bet
2026-03-22,199232115,25200002.0,FanDuel
2026-03-22,74727529,4523851.310000004,Fanatics
2026-03-22,11324474,1227729.0,Rush Street Interactive
2026-03-29,3233405,317181.0,Bally Bet
2026-03-29,38468109,859832.0,BetMGM
2026-03-29,31613171,2436647.660000001,Caesars Sport Book
2026-03-29,157270301,14983676.999999989,DraftKings Sport Book
2026-03-29,10078169,1018496.0,ESPN Bet
2026-03-29,174167198,16667026.0,FanDuel
2026-03-29,66407012,3410022.9499999946,Fanatics
2026-03-29,10896561,579899.0,Rush Street Interactive
2026-04-05,3305919,454606.0,Bally Bet
2026-04-05,37004255,2436199.0,BetMGM
2026-04-05,33233800,3477440.7800000003,Caesars Sport Book
2026-04-05,174358281,19094033.500000007,DraftKings Sport Book
2026-04-05,9265291,1251339.0,ESPN Bet
2026-04-05,174079667,24198763.0,FanDuel
2026-04-05,68173691,5578738.559999988,Fanatics
2026-04-05,12015582,1263002.0,Rush Street Interactive
2026-04-12,3535111,266816.0,Bally Bet
2026-04-12,35215081,3645147.0,BetMGM
2026-04-12,33127764,3048177.319999999,Caesars Sport Book
2026-04-12,168329345,16797597.599999994,DraftKings Sport Book
2026-04-12,9666489,474038.0,ESPN Bet
2026-04-12,170200269,23441496.0,FanDuel
2026-04-12,62637677,5719764.199999995,Fanatics
2026-04-12,9340957,1018439.0,Rush Street Interactive
2026-04-19,3951639,213537.0,Bally Bet
2026-04-19,31865081,3599704.0,BetMGM
2026-04-19,31470381,3373787.3800000004,Caesars Sport Book
2026-04-19,166699670,17522883.17000001,DraftKings Sport Book
2026-04-19,10638893,576207.0,ESPN Bet
2026-04-19,172518048,22492769.0,FanDuel
2026-04-19,57513030,5346010.230000001,Fanatics
2026-04-19,9855289,1123094.0,Rush Street Interactive
2026-04-26,3799264,321419.0,Bally Bet
2026-04-26,40768565,4334176.0,BetMGM
2026-04-26,32555182,3207245.6199999987,Caesars Sport Book
2026-04-26,175398862,20911447.29,DraftKings Sport Book
2026-04-26,11893044,506890.0,ESPN Bet
2026-04-26,201358511,22796179.0,FanDuel
2026-04-26,60625324,5765685.800000011,Fanatics
2026-04-26,9135699,1348556.0,Rush Street Interactive
2026-05-03,3627244,128886.0,Bally Bet
2026-05-03,41447963,3778465.0,BetMGM
2026-05-03,31891070,2308603.7800000017,Caesars Sport Book
2026-05-03,166657914,14003269.719999997,DraftKings Sport Book
2026-05-03,10309180,726274.0,ESPN Bet
2026-05-03,176581505,21270408.0,FanDuel
2026-05-03,53814482,2663170.459999997,Fanatics
2026-05-03,9255336,810391.0,Rush Street Interactive
2026-05-10,3326772,421481.0,Bally Bet
2026-05-10,35384475,3738663.0,BetMGM
2026-05-10,33126496,3264377.2499999995,Caesars Sport Book
2026-05-10,175326558,26097532.040000007,DraftKings Sport Book
2026-05-10,10437520,1197326.0,ESPN Bet
2026-05-10,186989067,27197849.0,FanDuel
2026-05-10,58096625,6507925.829999998,Fanatics
2026-05-10,10782482,1028842.0,Rush Street Interactive
2026-05-17,2788028,301018.0,Bally Bet
2026-05-17,32239643,3125980.0,BetMGM
2026-05-17,28146459,2117538.0600000024,Caesars Sport Book
2026-05-17,139239241,16119441.869999986,DraftKings Sport Book
2026-05-17,8366826,663018.0,ESPN Bet
2026-05-17,154696732,23476012.0,FanDuel
2026-05-17,48775445,5668233.540000001,Fanatics
2026-05-17,9151988,711417.0,Rush Street Interactive
2026-05-24,3434340,247200.0,Bally Bet
2026-05-24,40327898,3911531.0,BetMGM
2026-05-24,33188378,2592543.710000001,Caesars Sport Book
2026-05-24,156831589,14439615.649999997,DraftKings Sport Book
2026-05-24,10085815,854717.0,ESPN Bet
2026-05-24,175736744,22388110.0,FanDuel
2026-05-24,56707463,2686435.339999999,Fanatics
2026-05-24,10275059,979671.0,Rush Street Interactive
2026-05-31,2937473,244748.0,Bally Bet
2026-05-31,37496462,1636930.0,BetMGM
2026-05-31,33258181,1275369.1799999988,Caesars Sport Book
2026-05-31,158247051,8852004.030000005,DraftKings Sport Book
2026-05-31,9464304,484212.0,ESPN Bet
2026-05-31,170993122,11030004.0,FanDuel
2026-05-31,61135469,3296356.7900000047,Fanatics
2026-05-31,9393448,78997.0,Rush Street Interactive
2026-06-07,2338253,174175.0,Bally Bet
2026-06-07,32812176,3627799.0,BetMGM
2026-06-07,33219446,3488824.8200000003,Caesars Sport Book
2026-06-07,152258053,9252699.190000009,DraftKings Sport Book
2026-06-07,7904740,844766.0,ESPN Bet
2026-06-07,154759208,11517920.0,FanDuel
2026-06-07,56847548,4335792.939999998,Fanatics
2026-06-07,8464883,890553.0,Rush Street Interactive
2026-06-14,2879405,104046.0,Bally Bet
2026-06-14,44703354,-2481951.0,BetMGM
2026-06-14,37454354,-3738447.419999997,Caesars Sport Book
2026-06-14,195613213,-14033670.478700016,DraftKings Sport Book
2026-06-14,8798091,-13412.0,ESPN Bet
2026-06-14,220845889,-22574161.0,FanDuel
2026-06-14,67325790,-5819761.959999995,Fanatics
2026-06-14,9960026,41379.0,Rush Street Interactive
2026-06-21,3197892,361196.0,Bally Bet
2026-06-21,37762064,3330257.0,BetMGM
2026-06-21,33406414,2668779.929999998,Caesars Sport Book
2026-06-21,196191526,15707055.972899992,DraftKings Sport Book
2026-06-21,8020463,641093.0,ESPN Bet
2026-06-21,197643614,24458285.0,FanDuel
2026-06-21,64128131,3055347.2899999963,Fanatics
2026-06-21,10970067,534031.0,Rush Street Interactive
2026-06-28,3624628,344740.0,Bally Bet
2026-06-28,34322403,4555167.0,BetMGM
2026-06-28,29619233,3289236.289999999,Caesars Sport Book
2026-06-28,187265339,20773684.884400003,DraftKings Sport Book
2026-06-28,8116387,802855.0,ESPN Bet
2026-06-28,178427790,25667736.0,FanDuel
2026-06-28,59305990,5238537.94,Fanatics
2026-06-28,11826561,1177585.0,Rush Street Interactive
2026-07-05,3104065,312546.0,Bally Bet
2026-07-05,39155250,2644188.0,BetMGM
2026-07-05,38498676,1785512.2700000005,Caesars Sport Book
2026-07-05,198331851,13762041.869999994,DraftKings Sport Book
2026-07-05,8199663,495151.0,ESPN Bet
2026-07-05,187715921,13578971.0,FanDuel
2026-07-05,62287631,3223781.4599999962,Fanatics
2026-07-05,11504454,708616.0,Rush Street Interactive
2026-07-12,2864166,230665.0,Bally Bet
2026-07-12,34868855,4459574.0,BetMGM
2026-07-12,30518497,3721553.08,Caesars Sport Book
2026-07-12,165737601,23467231.063799992,DraftKings Sport Book
2026-07-12,6754896,778125.0,ESPN Bet
2026-07-12,162520980,24960939.0,FanDuel
2026-07-12,51411108,7470125.049999998,Fanatics
2026-07-12,9785623,893399.0,Rush Street Interactive
2026-07-19,3000524,316714.0,Bally Bet
2026-07-19,29900329,4363449.0,BetMGM
2026-07-19,25844619,2525190.36,Caesars Sport Book
2026-07-19,139807491,23125849.47000001,DraftKings Sport Book
2026-07-19,6513160,848871.0,ESPN Bet
2026-07-19,133999845,26554139.0,FanDuel
2026-07-19,48553127,4987561.0699999975,Fanatics
2026-07-19,8559148,857672.0,Rush Street Interactive
2026-07-26,2448868,215672.0,Bally Bet
2026-07-26,24313828,2831499.0,BetMGM
2026-07-26,22430416,1850919.3999999994,Caesars Sport Book
2026-07-26,121558881,8980473.939999994,DraftKings Sport Book
2026-07-26,7484833,235302.0,ESPN Bet
2026-07-26,123109037,10499562.0,FanDuel
2026-07-26,45125668,2828134.650000006,Fanatics
2026-07-26,7583965,470005.0,Rush Street Interactive
2026-08-02,2310891,226353.0,Bally Bet
2026-08-02,33134991,2695236.0,BetMGM
2026-08-02,24783391,2464773.3400000003,Caesars Sport Book
2026-08-02,130246036,16204919.896200005,DraftKings Sport Book
2026-08-02,5713236,183106.0,ESPN Bet
2026-08-02,136855999,18214019.0,FanDuel
2026-08-02,43379500,5473675.32,Fanatics
2026-08-02,8336995,1070350.0,Rush Street Interactive
2026-08-09,2231183,411755.0,Bally Bet
2026-08-09,25099261,3458247.0,BetMGM
2026-08-09,25635698,2163066.7900000014,Caesars Sport Book
2026-08-09,125731437,11195806.959999999,DraftKings Sport Book
2026-08-09,5382748,686311.0,ESPN Bet
2026-08-09,131288243,14045656.0,FanDuel
2026-08-09,48494522,4176190.250000003,Fanatics
2026-08-09,9053830,540468.0,Rush Street Interactive
2026-08-16,2417219,139359.0,Bally Bet
2026-08-16,26211607,3989974.0,BetMGM
2026-08-16,26220192,2930203.019999998,Caesars Sport Book
2026-08-16,139804781,14936413.760000002,DraftKings Sport Book
2026-08-16,5726051,594647.0,ESPN Bet
2026-08-16,128334482,16567440.0,FanDuel
2026-08-16,43618315,4332991.070000007,Fanatics
2026-08-16,8456560,1034165.0,Rush Street Interactive
2026-08-23,2261416,192285.0,Bally Bet
2026-08-23,24881322,1911178.0,BetMGM
2026-08-23,24210783,2317980.7600000002,Caesars Sport Book
2026-08-23,137507207,10643450.92999999,DraftKings Sport Book
2026-08-23,5086754,328506.0,ESPN Bet
2026-08-23,132060011,10710519.0,FanDuel
2026-08-23,47701558,3476355.859999992,Fanatics
2026-08-23,7937852,926075.0,Rush Street Interactive
2026-08-30,2275087,264902.0,Bally Bet
2026-08-30,29155390,2727869.0,BetMGM
